,itemId,userId,numSearch,itemId_encoded,userId_encoded
0,00ccf468749cc1da815758cca41a8c97d9979c2e,84,0.0314970394174356,0,51
1,00ccf468749cc1da815758cca41a8c97d9979c2e,88,0.0314970394174356,0,54
2,00ccf468749cc1da815758cca41a8c97d9979c2e,207,0.0314970394174356,0,118
3,00ccf468749cc1da815758cca41a8c97d9979c2e,403,0.0314970394174356,0,236
4,00ccf468749cc1da815758cca41a8c97d9979c2e,848,0.0314970394174356,0,480
5,00ccf468749cc1da815758cca41a8c97d9979c2e,985,0.0314970394174356,0,558
6,013a2a5ab19551c7e21c314ed0d80a6dbece13dd,166,0.0314970394174356,1,97
7,013a2a5ab19551c7e21c314ed0d80a6dbece13dd,977,0.0314970394174356,1,555
8,03c70b0f7ee139622b5825fd25a72fbacffe0e26,637,0.0314970394174356,2,359
9,03c70b0f7ee139622b5825fd25a72fbacffe0e26,662,0.0314970394174356,2,370
10,03c70b0f7ee139622b5825fd25a72fbacffe0e26,812,0.0314970394174356,2,462
11,03c70b0f7ee139622b5825fd25a72fbacffe0e26,1195,0.0314970394174356,2,682
12,058c539eaad301aada146c113073fda7d71fbe25,810,0.0314970394174356,3,460
13,058c539eaad301aada146c113073fda7d71fbe25,856,0.0314970394174356,3,486
14,058c539eaad301aada146c113073fda7d71fbe25,1062,0.0314970394174356,3,613
15,05c2d92c6477faa8e82113e0deeb257c82e1869f,3,0.0314970394174356,4,0
16,05c2d92c6477faa8e82113e0deeb257c82e1869f,1068,0.0314970394174356,4,618
17,0625e74065de551f589722d65b7e71cf6af04e15,295,0.0314970394174356,5,174
18,0625e74065de551f589722d65b7e71cf6af04e15,1065,0.0314970394174356,5,616
19,067f00fdfea3f0a116f7d0ced2621593adfc517e,366,0.0314970394174356,6,212
20,067f00fdfea3f0a116f7d0ced2621593adfc517e,844,0.0314970394174356,6,476
21,067f00fdfea3f0a116f7d0ced2621593adfc517e,893,0.0314970394174356,6,507
22,092abc50ae834729022c30072b5222670f8290b0,138,0.0314970394174356,7,79
23,092abc50ae834729022c30072b5222670f8290b0,535,0.0314970394174356,7,304
24,097336240fcde00ac602b27a1ed95f1c9f270c8a,451,0.0314970394174356,8,260
25,097336240fcde00ac602b27a1ed95f1c9f270c8a,464,0.0314970394174356,8,265
26,097336240fcde00ac602b27a1ed95f1c9f270c8a,1026,0.0314970394174356,8,591
27,097b0d33d01944076534bdf17911e1e03999bf78,373,0.0314970394174356,9,216
28,097b0d33d01944076534bdf17911e1e03999bf78,848,0.0314970394174356,9,480
29,097b0d33d01944076534bdf17911e1e03999bf78,941,0.0314970394174356,9,538
30,097b0d33d01944076534bdf17911e1e03999bf78,997,0.0314970394174356,9,567
31,09cdc7e19803de7cf57685d2e271524e78516679,866,0.0314970394174356,10,491
32,0a3973debfab4c97c591a21b9eeef7e40673cf6c,241,0.0314970394174356,11,139
33,0a3973debfab4c97c591a21b9eeef7e40673cf6c,546,0.0314970394174356,11,308
34,0a3973debfab4c97c591a21b9eeef7e40673cf6c,792,0.0314970394174356,11,448
35,0a3973debfab4c97c591a21b9eeef7e40673cf6c,902,0.0314970394174356,11,514
36,0c5bf04e2684e48502ae52c6a1e38f4aa8a98e22,281,0.0314970394174356,12,163
37,0c5bf04e2684e48502ae52c6a1e38f4aa8a98e22,400,0.0314970394174356,12,233
38,0c5bf04e2684e48502ae52c6a1e38f4aa8a98e22,586,0.0314970394174356,12,334
39,0c5bf04e2684e48502ae52c6a1e38f4aa8a98e22,1018,0.0314970394174356,12,586
40,0ca4b825a5621fc2e3ef2d10f85722a77e83e25c,750,0.0314970394174356,13,417
41,0ca4b825a5621fc2e3ef2d10f85722a77e83e25c,851,0.0314970394174356,13,482
42,0ca4b825a5621fc2e3ef2d10f85722a77e83e25c,1004,0.0314970394174356,13,574
43,0ca4b825a5621fc2e3ef2d10f85722a77e83e25c,1038,0.0314970394174356,13,598
44,0ca4b825a5621fc2e3ef2d10f85722a77e83e25c,1100,0.0314970394174356,13,630
45,0d36c4053a4a7329353f4cc3bf5268f7ce0e6f49,124,0.0314970394174356,14,70
46,0d36c4053a4a7329353f4cc3bf5268f7ce0e6f49,631,0.0314970394174356,14,355
47,0d36c4053a4a7329353f4cc3bf5268f7ce0e6f49,1161,0.0314970394174356,14,671
48,0fc9ea9df7164aa6afcf61a3e3ea40468c45687d,241,0.0314970394174356,15,139
49,0fc9ea9df7164aa6afcf61a3e3ea40468c45687d,311,0.0314970394174356,15,181
50,0fc9ea9df7164aa6afcf61a3e3ea40468c45687d,595,0.0314970394174356,15,339
51,0fc9ea9df7164aa6afcf61a3e3ea40468c45687d,860,0.0314970394174356,15,488
52,1017368d3824748fb6b825cff303730711b99b7d,483,0.0314970394174356,16,276
53,1017368d3824748fb6b825cff303730711b99b7d,623,0.0314970394174356,16,352
54,1017368d3824748fb6b825cff303730711b99b7d,720,0.0314970394174356,16,398
55,1017368d3824748fb6b825cff303730711b99b7d,723,0.0314970394174356,16,401
56,106150b7a7c034b394e7c7bc4d7cbdad8c610f06,500,0.0314970394174356,17,286
57,106150b7a7c034b394e7c7bc4d7cbdad8c610f06,747,0.0314970394174356,17,414
58,106150b7a7c034b394e7c7bc4d7cbdad8c610f06,953,0.0314970394174356,17,543
59,10781f5e169010ad00e4a9893fd7007b40f68e7b,222,0.0629940788348712,18,126
60,10781f5e169010ad00e4a9893fd7007b40f68e7b,878,0.0314970394174356,18,498
61,10781f5e169010ad00e4a9893fd7007b40f68e7b,926,0.0314970394174356,18,530
62,10781f5e169010ad00e4a9893fd7007b40f68e7b,1134,0.0314970394174356,18,653
63,122ad66c75f555b72c65c3752e71c9170cff3b0e,67,0.0314970394174356,19,37
64,122ad66c75f555b72c65c3752e71c9170cff3b0e,779,0.0314970394174356,19,438
65,122ad66c75f555b72c65c3752e71c9170cff3b0e,1067,0.0314970394174356,19,617
66,14e247c45892dd44fc024c9c69a4564e29720019,94,0.0314970394174356,20,58
67,14e247c45892dd44fc024c9c69a4564e29720019,496,0.0314970394174356,20,283
68,14e247c45892dd44fc024c9c69a4564e29720019,501,0.0314970394174356,20,287
69,14e247c45892dd44fc024c9c69a4564e29720019,1009,0.0314970394174356,20,579
70,15ec171f46778f6df17a522bf9fb37a5971fb549,85,0.0314970394174356,21,52
71,15ec171f46778f6df17a522bf9fb37a5971fb549,259,0.0314970394174356,21,151
72,15ec171f46778f6df17a522bf9fb37a5971fb549,370,0.0314970394174356,21,213
73,15ec171f46778f6df17a522bf9fb37a5971fb549,763,0.0314970394174356,21,426
74,16e83bb55aa7babdc257e88503077e373d50ef76,235,0.0314970394174356,22,133
75,18f1f2e3398a6ffc5517a66f0b9a55a7a1a81548,207,0.0314970394174356,23,118
76,18f1f2e3398a6ffc5517a66f0b9a55a7a1a81548,561,0.0314970394174356,23,318
77,191af204954bd4115db0775410fb1b980d8027fa,35,0.0314970394174356,24,14
78,191af204954bd4115db0775410fb1b980d8027fa,694,0.0314970394174356,24,388
79,191af204954bd4115db0775410fb1b980d8027fa,810,0.0314970394174356,24,460
80,1baaef2725a526631f9b0419f5c7453d8ac52b38,55,0.0314970394174356,25,27
81,1baaef2725a526631f9b0419f5c7453d8ac52b38,875,0.0314970394174356,25,496
82,1baaef2725a526631f9b0419f5c7453d8ac52b38,1106,0.0314970394174356,25,635
83,1bdcc100a1c2cebbf8811e16d1b0b5167a486548,635,0.0314970394174356,26,358
84,1d70fd8b9c449ff273597ebca7895ac8734ecabb,7,0.0314970394174356,27,1
85,1d70fd8b9c449ff273597ebca7895ac8734ecabb,82,0.0314970394174356,27,49
86,1d70fd8b9c449ff273597ebca7895ac8734ecabb,385,0.0314970394174356,27,222
87,1d70fd8b9c449ff273597ebca7895ac8734ecabb,585,0.0314970394174356,27,333
88,1d70fd8b9c449ff273597ebca7895ac8734ecabb,1127,0.0314970394174356,27,647
89,1eda93028dc1196d8f2b7b0c71ef829325d77ccc,159,0.0314970394174356,28,92
90,1eda93028dc1196d8f2b7b0c71ef829325d77ccc,259,0.0314970394174356,28,151
91,1eda93028dc1196d8f2b7b0c71ef829325d77ccc,756,0.0314970394174356,28,422
92,1f15108dabbfc330c68533a98566925c716d1082,67,0.0314970394174356,29,37
93,1f15108dabbfc330c68533a98566925c716d1082,74,0.0314970394174356,29,42
94,1f15108dabbfc330c68533a98566925c716d1082,253,0.0314970394174356,29,147
95,1f15108dabbfc330c68533a98566925c716d1082,404,0.0314970394174356,29,237
96,1f15108dabbfc330c68533a98566925c716d1082,407,0.0314970394174356,29,238
97,1f15108dabbfc330c68533a98566925c716d1082,1145,0.0314970394174356,29,661
98,1f4cdbf0fd06402c0e9ed7d039ab90279ecc1368,1138,0.0314970394174356,30,657
99,1ff9da07dddf04ce8cf06615a9a7a360b5f7d9db,192,0.0314970394174356,31,110
100,1ff9da07dddf04ce8cf06615a9a7a360b5f7d9db,246,0.0314970394174356,31,143
101,1ff9da07dddf04ce8cf06615a9a7a360b5f7d9db,1114,0.0314970394174356,31,638
102,21e14d21cba47b83967d3afd45a05bc62dd86c0c,107,0.0314970394174356,32,64
103,21e14d21cba47b83967d3afd45a05bc62dd86c0c,290,0.0314970394174356,32,171
104,22bb0a45b91161db5a148903efe709e9a521c710,133,0.0314970394174356,33,75
105,22bb0a45b91161db5a148903efe709e9a521c710,135,0.0314970394174356,33,77
106,22bb0a45b91161db5a148903efe709e9a521c710,411,0.0314970394174356,33,240
107,25387216c680a6dc51c469c47bbd4513f8c6093d,754,0.0314970394174356,34,420
108,25387216c680a6dc51c469c47bbd4513f8c6093d,991,0.0314970394174356,34,562
109,25387216c680a6dc51c469c47bbd4513f8c6093d,1042,0.0314970394174356,34,602
110,25aa0e327809d3889c05430f9d58fe93f579623a,256,0.0314970394174356,35,150
111,25aa0e327809d3889c05430f9d58fe93f579623a,674,0.0314970394174356,35,375
112,25aa0e327809d3889c05430f9d58fe93f579623a,886,0.0314970394174356,35,502
113,26158d0c99b13dc2eee67b4f267476c1611b6886,94,0.0314970394174356,36,58
114,26158d0c99b13dc2eee67b4f267476c1611b6886,315,0.0314970394174356,36,183
115,26158d0c99b13dc2eee67b4f267476c1611b6886,397,0.0314970394174356,36,231
116,26158d0c99b13dc2eee67b4f267476c1611b6886,1045,0.0314970394174356,36,603
117,26d6209fdaf10f17246790e92d8478b60d8554e9,234,0.0314970394174356,37,132
118,26d6209fdaf10f17246790e92d8478b60d8554e9,1128,0.0314970394174356,37,648
119,2736d9f6ca96169ce94e80b99fc50efb16c0d56c,39,0.0314970394174356,38,18
120,2736d9f6ca96169ce94e80b99fc50efb16c0d56c,216,0.0314970394174356,38,123
121,2736d9f6ca96169ce94e80b99fc50efb16c0d56c,230,0.0314970394174356,38,130
122,2736d9f6ca96169ce94e80b99fc50efb16c0d56c,234,0.0314970394174356,38,132
123,2736d9f6ca96169ce94e80b99fc50efb16c0d56c,693,0.0314970394174356,38,387
124,288da39daa5d7fd70f0ec383f3836d35cef50785,86,0.0314970394174356,39,53
125,288da39daa5d7fd70f0ec383f3836d35cef50785,621,0.0314970394174356,39,351
126,288da39daa5d7fd70f0ec383f3836d35cef50785,633,0.0314970394174356,39,356
127,297ac076d45c08935457aa46f3858ad4878ff08b,655,0.0314970394174356,40,366
128,297ac076d45c08935457aa46f3858ad4878ff08b,782,0.0314970394174356,40,440
129,297ac076d45c08935457aa46f3858ad4878ff08b,918,0.0314970394174356,40,525
130,297ac076d45c08935457aa46f3858ad4878ff08b,1199,0.0314970394174356,40,685
131,2a1b321fd38490ccfee1262a28119ef45792f22b,496,0.0314970394174356,41,283
132,2a1b321fd38490ccfee1262a28119ef45792f22b,922,0.0314970394174356,41,527
133,2a1b321fd38490ccfee1262a28119ef45792f22b,997,0.0314970394174356,41,567
134,2a37f8ac7d61cd1dc6595f508bf8fa0fe49272e3,77,0.0314970394174356,42,44
135,2a37f8ac7d61cd1dc6595f508bf8fa0fe49272e3,100,0.0314970394174356,42,62
136,2a37f8ac7d61cd1dc6595f508bf8fa0fe49272e3,101,0.0314970394174356,42,63
137,2a37f8ac7d61cd1dc6595f508bf8fa0fe49272e3,552,0.0314970394174356,42,313
138,2a37f8ac7d61cd1dc6595f508bf8fa0fe49272e3,579,0.0314970394174356,42,327
139,2a37f8ac7d61cd1dc6595f508bf8fa0fe49272e3,583,0.0314970394174356,42,331
140,2a37f8ac7d61cd1dc6595f508bf8fa0fe49272e3,755,0.0314970394174356,42,421
141,2a37f8ac7d61cd1dc6595f508bf8fa0fe49272e3,1170,0.0314970394174356,42,675
142,2a5219fd64a866337b797a78058a3936d99574e2,611,0.0314970394174356,43,346
143,2a5219fd64a866337b797a78058a3936d99574e2,887,0.0314970394174356,43,503
144,2a5219fd64a866337b797a78058a3936d99574e2,1064,0.0314970394174356,43,615
145,2f0c7f58af9dc3094fe531b6114e864399fb7bbe,23,0.0314970394174356,44,9
146,2f0c7f58af9dc3094fe531b6114e864399fb7bbe,123,0.0314970394174356,44,69
147,2f0c7f58af9dc3094fe531b6114e864399fb7bbe,416,0.0314970394174356,44,243
148,2f0c7f58af9dc3094fe531b6114e864399fb7bbe,833,0.0314970394174356,44,468
149,2f0c7f58af9dc3094fe531b6114e864399fb7bbe,841,0.0314970394174356,44,474
150,2f0c7f58af9dc3094fe531b6114e864399fb7bbe,900,0.0314970394174356,44,512
151,2f7b66e559a273bbc436dd364b48460658cd43eb,220,0.0314970394174356,45,125
152,2f7b66e559a273bbc436dd364b48460658cd43eb,526,0.0314970394174356,45,298
153,30808fc7dfb59d0a346e991c7d000a8d27f891bc,92,0.0314970394174356,46,57
154,30808fc7dfb59d0a346e991c7d000a8d27f891bc,1052,0.0314970394174356,46,608
155,30fd5bd80e6c364c93c8de4509bfbe9a01a59c77,459,0.0314970394174356,47,264
156,30fd5bd80e6c364c93c8de4509bfbe9a01a59c77,1004,0.0314970394174356,47,574
157,3109c6b2fc6c62ae58d4f6ce7756db8d27ffd580,320,0.0314970394174356,48,185
158,3109c6b2fc6c62ae58d4f6ce7756db8d27ffd580,1038,0.0314970394174356,48,598
159,3109c6b2fc6c62ae58d4f6ce7756db8d27ffd580,1131,0.0314970394174356,48,651
160,31bf06f848344c63bf413e93beafba751d4856b0,19,0.0314970394174356,49,7
161,31bf06f848344c63bf413e93beafba751d4856b0,192,0.0314970394174356,49,110
162,31bf06f848344c63bf413e93beafba751d4856b0,492,0.0314970394174356,49,280
163,31bf06f848344c63bf413e93beafba751d4856b0,688,0.0314970394174356,49,382
164,31f45740f0f1cc10d903640965766a3a5ad4ec95,216,0.0314970394174356,50,123
165,31f45740f0f1cc10d903640965766a3a5ad4ec95,394,0.0314970394174356,50,228
166,31f45740f0f1cc10d903640965766a3a5ad4ec95,806,0.0314970394174356,50,458
167,31f45740f0f1cc10d903640965766a3a5ad4ec95,867,0.0314970394174356,50,492
168,31f45740f0f1cc10d903640965766a3a5ad4ec95,948,0.0314970394174356,50,540
169,33921de4a1a426e7fb10ae0f34d73f37ca9778b5,75,0.0314970394174356,51,43
170,33921de4a1a426e7fb10ae0f34d73f37ca9778b5,282,0.0314970394174356,51,164
171,33a51db3359a99acb1d22b5e6ffaf2dbd50cc070,295,0.0314970394174356,52,174
172,33a51db3359a99acb1d22b5e6ffaf2dbd50cc070,533,0.0314970394174356,52,302
173,33a51db3359a99acb1d22b5e6ffaf2dbd50cc070,739,0.0314970394174356,52,409
174,33a51db3359a99acb1d22b5e6ffaf2dbd50cc070,821,0.0314970394174356,52,465
175,33a51db3359a99acb1d22b5e6ffaf2dbd50cc070,909,0.0314970394174356,52,519
176,33a51db3359a99acb1d22b5e6ffaf2dbd50cc070,999,0.0314970394174356,52,569
177,3494134f92986843aa5bae14cce7bfa0678c954a,965,0.0314970394174356,53,547
178,34e68e47b43f2325e9d7252ee7b67d1f0e9f778d,291,0.0629940788348712,54,172
179,34e68e47b43f2325e9d7252ee7b67d1f0e9f778d,469,0.0314970394174356,54,267
180,34e68e47b43f2325e9d7252ee7b67d1f0e9f778d,591,0.0314970394174356,54,337
181,34e68e47b43f2325e9d7252ee7b67d1f0e9f778d,996,0.0314970394174356,54,566
182,34e68e47b43f2325e9d7252ee7b67d1f0e9f778d,1040,0.0314970394174356,54,600
183,35ae8a39a6fbf028792fefcbb0879bc190738872,12,0.0314970394174356,55,4
184,35ae8a39a6fbf028792fefcbb0879bc190738872,346,0.0314970394174356,55,200
185,35ae8a39a6fbf028792fefcbb0879bc190738872,619,0.0314970394174356,55,349
186,35ae8a39a6fbf028792fefcbb0879bc190738872,1183,0.0314970394174356,55,680
187,35e7188fb9238467e8da96b74d11d8ef5715ed13,227,0.0314970394174356,56,129
188,35e7188fb9238467e8da96b74d11d8ef5715ed13,805,0.0314970394174356,56,457
189,35e7188fb9238467e8da96b74d11d8ef5715ed13,810,0.0314970394174356,56,460
190,35e7188fb9238467e8da96b74d11d8ef5715ed13,1026,0.0314970394174356,56,591
191,361db983f37cfef5fb3c75ea184e3e6949429f0f,584,0.0314970394174356,57,332
192,361db983f37cfef5fb3c75ea184e3e6949429f0f,696,0.0314970394174356,57,389
193,361db983f37cfef5fb3c75ea184e3e6949429f0f,1001,0.0314970394174356,57,571
194,361db983f37cfef5fb3c75ea184e3e6949429f0f,1006,0.0314970394174356,57,576
195,3647cdd66402f1e92550f42288d9279bf9592489,150,0.0314970394174356,58,86
196,3647cdd66402f1e92550f42288d9279bf9592489,611,0.0314970394174356,58,346
197,3647cdd66402f1e92550f42288d9279bf9592489,1002,0.0629940788348712,58,572
198,3f4af5e47794e83b3aa2447399a230669e8e6499,860,0.0314970394174356,59,488
199,3f4af5e47794e83b3aa2447399a230669e8e6499,1004,0.0314970394174356,59,574
200,4094fb59d4298081d7552c0b462090a282cac044,925,0.0314970394174356,60,529
201,410914c2a726adcd686643e0546b6577ad657c14,425,0.0314970394174356,61,246
202,410914c2a726adcd686643e0546b6577ad657c14,523,0.0314970394174356,61,296
203,410914c2a726adcd686643e0546b6577ad657c14,714,0.0314970394174356,61,396
204,416c4fd3850f59b5fad11dd9e85450a750d47272,1132,0.0314970394174356,62,652
205,41ecf2bf14bd24e3b6e8ef90601df6678d91df04,436,0.0314970394174356,63,253
206,41ecf2bf14bd24e3b6e8ef90601df6678d91df04,677,0.0314970394174356,63,377
207,41ecf2bf14bd24e3b6e8ef90601df6678d91df04,1001,0.0314970394174356,63,571
208,4208a5e988432ab01ad0c7caf93ae0d93100a435,649,0.0314970394174356,64,363
209,4208a5e988432ab01ad0c7caf93ae0d93100a435,708,0.0314970394174356,64,394
210,43a1e7249960959664299afb42d5ccdbd305adb7,240,0.0314970394174356,65,138
211,43a1e7249960959664299afb42d5ccdbd305adb7,581,0.0314970394174356,65,329
212,43a1e7249960959664299afb42d5ccdbd305adb7,803,0.0314970394174356,65,456
213,43a1e7249960959664299afb42d5ccdbd305adb7,994,0.0314970394174356,65,564
214,43a1e7249960959664299afb42d5ccdbd305adb7,1081,0.0314970394174356,65,624
215,4418aa5846886036816fc0a569c0409d370173a3,239,0.0314970394174356,66,137
216,4418aa5846886036816fc0a569c0409d370173a3,746,0.0314970394174356,66,413
217,4418aa5846886036816fc0a569c0409d370173a3,877,0.0314970394174356,66,497
218,4418aa5846886036816fc0a569c0409d370173a3,1095,0.0314970394174356,66,628
219,4418aa5846886036816fc0a569c0409d370173a3,1154,0.0314970394174356,66,666
220,45cc865eed229548ff57b3e795cc97b6995badf4,348,0.0314970394174356,67,201
221,45cc865eed229548ff57b3e795cc97b6995badf4,372,0.0314970394174356,67,215
222,464342e651078c70601e482793736bfcae6ed63c,176,0.0314970394174356,68,103
223,464342e651078c70601e482793736bfcae6ed63c,667,0.0314970394174356,68,372
224,464342e651078c70601e482793736bfcae6ed63c,1129,0.0314970394174356,68,649
225,4791ef207cb55f80364dd43fec6e250460527edb,69,0.0314970394174356,69,38
226,4791ef207cb55f80364dd43fec6e250460527edb,845,0.0314970394174356,69,477
227,4791ef207cb55f80364dd43fec6e250460527edb,1014,0.0314970394174356,69,583
228,49d4ca73016120c65b952c16a07e3d82b09c779a,379,0.0314970394174356,70,219
229,49d4ca73016120c65b952c16a07e3d82b09c779a,441,0.0314970394174356,70,256
230,49d4ca73016120c65b952c16a07e3d82b09c779a,843,0.0314970394174356,70,475
231,4a2d20f42b119a8c17d1497891989777bcdecacc,37,0.0314970394174356,71,16
232,4a2d20f42b119a8c17d1497891989777bcdecacc,283,0.0314970394174356,71,165
233,4a2d20f42b119a8c17d1497891989777bcdecacc,312,0.0314970394174356,71,182
234,4a2d20f42b119a8c17d1497891989777bcdecacc,326,0.0314970394174356,71,191
235,4a2d20f42b119a8c17d1497891989777bcdecacc,620,0.0314970394174356,71,350
236,4a2d20f42b119a8c17d1497891989777bcdecacc,705,0.0314970394174356,71,392
237,4b185b92560c5ebe542ea208911daac10c415a50,89,0.0314970394174356,72,55
238,4b185b92560c5ebe542ea208911daac10c415a50,952,0.0314970394174356,72,542
239,4b185b92560c5ebe542ea208911daac10c415a50,1147,0.0314970394174356,72,662
240,4b84f892511a1339db00e9c587dc27856830401c,580,0.0314970394174356,73,328
241,4b84f892511a1339db00e9c587dc27856830401c,677,0.0314970394174356,73,377
242,4bd83582891d4b55f3ce37a640c25d35edef1947,475,0.0314970394174356,74,270
243,4bd83582891d4b55f3ce37a640c25d35edef1947,675,0.0314970394174356,74,376
244,4bd83582891d4b55f3ce37a640c25d35edef1947,902,0.0314970394174356,74,514
245,4bd83582891d4b55f3ce37a640c25d35edef1947,1125,0.0314970394174356,74,645
246,4bfe17a7c63b73c99212e02aacddf60a146d8837,291,0.0314970394174356,75,172
247,4bfe17a7c63b73c99212e02aacddf60a146d8837,833,0.0314970394174356,75,468
248,4bfe17a7c63b73c99212e02aacddf60a146d8837,1027,0.0314970394174356,75,592
249,4c44f0b797545b3b39a91c03203766b56ac8924a,158,0.0314970394174356,76,91
250,4c44f0b797545b3b39a91c03203766b56ac8924a,263,0.0314970394174356,76,153
251,4c44f0b797545b3b39a91c03203766b56ac8924a,376,0.0314970394174356,76,218
252,4c44f0b797545b3b39a91c03203766b56ac8924a,443,0.0314970394174356,76,257
253,4c44f0b797545b3b39a91c03203766b56ac8924a,917,0.0314970394174356,76,524
254,4c44f0b797545b3b39a91c03203766b56ac8924a,1050,0.0314970394174356,76,607
255,4c9621ee996ce16f5b9d755ac848561b3689900c,941,0.0314970394174356,77,538
256,4db2a63dacc8dbb44546348c4633cca0137c8d4d,117,0.0314970394174356,78,68
257,4db2a63dacc8dbb44546348c4633cca0137c8d4d,142,0.0314970394174356,78,83
258,4db2a63dacc8dbb44546348c4633cca0137c8d4d,567,0.0314970394174356,78,321
259,4e26683db84ba43411bd08895d632970380e9433,779,0.0314970394174356,79,438
260,4f22da4efe0f10c352cfdcc5099911979cdc2314,36,0.0314970394174356,80,15
261,4f22da4efe0f10c352cfdcc5099911979cdc2314,94,0.0314970394174356,80,58
262,51369a6603fe6677726ebd1cdb1b99b96bad828b,410,0.0314970394174356,81,239
263,53023ac767fade77031f2905747111c1b7d7af7b,850,0.0314970394174356,82,481
264,537355d2e0600d1f138507533bca7f0b5f723127,901,0.0314970394174356,83,513
265,5385f0b30b88ea7d3f744e496abad977eadf64c1,94,0.0314970394174356,84,58
266,5385f0b30b88ea7d3f744e496abad977eadf64c1,485,0.0314970394174356,84,277
267,5385f0b30b88ea7d3f744e496abad977eadf64c1,616,0.0314970394174356,84,348
268,5385f0b30b88ea7d3f744e496abad977eadf64c1,1011,0.0314970394174356,84,581
269,548c1615bd8bbad40fe8c90e9e510955be5d1a6a,255,0.0314970394174356,85,149
270,548c1615bd8bbad40fe8c90e9e510955be5d1a6a,948,0.0314970394174356,85,540
271,560ae8e671b9e7fff9101ebaab56260baf597553,865,0.0314970394174356,86,490
272,560ae8e671b9e7fff9101ebaab56260baf597553,1034,0.0314970394174356,86,597
273,575f5836200e81f6b05cd0c84ecd584c8402a174,160,0.0314970394174356,87,93
274,575f5836200e81f6b05cd0c84ecd584c8402a174,272,0.0314970394174356,87,159
275,575f5836200e81f6b05cd0c84ecd584c8402a174,416,0.0314970394174356,87,243
276,575f5836200e81f6b05cd0c84ecd584c8402a174,696,0.0314970394174356,87,389
277,575f5836200e81f6b05cd0c84ecd584c8402a174,1015,0.0314970394174356,87,584
278,581a3ae5a65b64283bd0144ed77a1c749452487b,738,0.0314970394174356,88,408
279,5902b5de87a1cc8c21fe01f0ceb5b62f4cdf5b48,116,0.0314970394174356,89,67
280,5902b5de87a1cc8c21fe01f0ceb5b62f4cdf5b48,259,0.0314970394174356,89,151
281,5902b5de87a1cc8c21fe01f0ceb5b62f4cdf5b48,383,0.0314970394174356,89,221
282,5902b5de87a1cc8c21fe01f0ceb5b62f4cdf5b48,401,0.0314970394174356,89,234
283,5902b5de87a1cc8c21fe01f0ceb5b62f4cdf5b48,1046,0.0314970394174356,89,604
284,5902b5de87a1cc8c21fe01f0ceb5b62f4cdf5b48,1056,0.0314970394174356,89,610
285,5a052e3028483f17e564ad9a68f1da213adeb968,51,0.0314970394174356,90,25
286,5a052e3028483f17e564ad9a68f1da213adeb968,243,0.0314970394174356,90,140
287,5a052e3028483f17e564ad9a68f1da213adeb968,743,0.0314970394174356,90,411
288,5a052e3028483f17e564ad9a68f1da213adeb968,817,0.0314970394174356,90,464
289,5b1d03e77103b2570818307bdc0f3c52292e7011,131,0.0314970394174356,91,73
290,5b1d03e77103b2570818307bdc0f3c52292e7011,164,0.0314970394174356,91,96
291,5b590a19e7e35e1786dcde7e9b1e5525fa437d05,217,0.0314970394174356,92,124
292,5b590a19e7e35e1786dcde7e9b1e5525fa437d05,1034,0.0314970394174356,92,597
293,5bb3819299fe00bb4921a8ce485d677abbf63e00,59,0.0314970394174356,93,30
294,5bb3819299fe00bb4921a8ce485d677abbf63e00,454,0.0314970394174356,93,261
295,5bb3819299fe00bb4921a8ce485d677abbf63e00,1121,0.0314970394174356,93,642
296,5c763e68e92e15919235f84e868caf07a4d2aba5,607,0.0314970394174356,94,345
297,5c763e68e92e15919235f84e868caf07a4d2aba5,719,0.0314970394174356,94,397
298,5c763e68e92e15919235f84e868caf07a4d2aba5,930,0.0314970394174356,94,531
299,5cf2f59c7c0c85ceabc9ba81d3b420a3bd0e69e6,71,0.0314970394174356,95,40
300,5cf2f59c7c0c85ceabc9ba81d3b420a3bd0e69e6,393,0.0314970394174356,95,227
301,5cf2f59c7c0c85ceabc9ba81d3b420a3bd0e69e6,410,0.0314970394174356,95,239
302,5cf773efa3655a3afabbcbdda1a799affc9ee014,113,0.0314970394174356,96,66
303,5cf773efa3655a3afabbcbdda1a799affc9ee014,494,0.0314970394174356,96,282
304,5d95c1accdfe7bb8c3b2957bf61d81abbe4d73b5,77,0.0314970394174356,97,44
305,5d95c1accdfe7bb8c3b2957bf61d81abbe4d73b5,237,0.0314970394174356,97,135
306,5d95c1accdfe7bb8c3b2957bf61d81abbe4d73b5,292,0.0314970394174356,97,173
307,5d95c1accdfe7bb8c3b2957bf61d81abbe4d73b5,634,0.0314970394174356,97,357
308,5d95c1accdfe7bb8c3b2957bf61d81abbe4d73b5,951,0.0314970394174356,97,541
309,5d95c1accdfe7bb8c3b2957bf61d81abbe4d73b5,1033,0.0314970394174356,97,596
310,5eb2c106a7a6ef3626dc55f5e8d4ac2225305404,148,0.0314970394174356,98,85
311,5f67fbfd9fc2018fb4cc8fa0b71d191d314e9836,51,0.0314970394174356,99,25
312,5f67fbfd9fc2018fb4cc8fa0b71d191d314e9836,572,0.0314970394174356,99,323
313,5f67fbfd9fc2018fb4cc8fa0b71d191d314e9836,619,0.0314970394174356,99,349
314,5f67fbfd9fc2018fb4cc8fa0b71d191d314e9836,963,0.0314970394174356,99,545
315,60d9f2cb1c7f87787656849b7129bc46fe47e764,255,0.0314970394174356,100,149
316,60d9f2cb1c7f87787656849b7129bc46fe47e764,555,0.0314970394174356,100,316
317,60d9f2cb1c7f87787656849b7129bc46fe47e764,792,0.0314970394174356,100,448
318,60d9f2cb1c7f87787656849b7129bc46fe47e764,906,0.0314970394174356,100,517
319,60d9f2cb1c7f87787656849b7129bc46fe47e764,1010,0.0314970394174356,100,580
320,60d9f2cb1c7f87787656849b7129bc46fe47e764,1047,0.0314970394174356,100,605
321,60d9f2cb1c7f87787656849b7129bc46fe47e764,1179,0.0314970394174356,100,677
322,60d9f2cb1c7f87787656849b7129bc46fe47e764,1187,0.0314970394174356,100,681
323,6189d3353e286849cf8db8c45131de069c4ce13d,525,0.0314970394174356,101,297
324,6189d3353e286849cf8db8c45131de069c4ce13d,1039,0.0314970394174356,101,599
325,619593616847ee613627d3d2c7b654e145c1f7af,236,0.0314970394174356,102,134
326,619593616847ee613627d3d2c7b654e145c1f7af,867,0.0314970394174356,102,492
327,619593616847ee613627d3d2c7b654e145c1f7af,1072,0.0314970394174356,102,620
328,62ddd1e3d4730eacb155b60cc19b237c5b7110ff,325,0.0314970394174356,103,190
329,62ddd1e3d4730eacb155b60cc19b237c5b7110ff,892,0.0314970394174356,103,506
330,632ddee95a98a4ce4facb8fc919d23b613d6c5d9,66,0.0314970394174356,104,36
331,632ddee95a98a4ce4facb8fc919d23b613d6c5d9,224,0.0314970394174356,104,128
332,632ddee95a98a4ce4facb8fc919d23b613d6c5d9,900,0.0314970394174356,104,512
333,632ddee95a98a4ce4facb8fc919d23b613d6c5d9,910,0.0314970394174356,104,520
334,632ddee95a98a4ce4facb8fc919d23b613d6c5d9,1077,0.0314970394174356,104,622
335,663f83a81a7e4e292905954097167bad4c11d6c6,42,0.0314970394174356,105,20
336,663f83a81a7e4e292905954097167bad4c11d6c6,288,0.0314970394174356,105,169
337,663f83a81a7e4e292905954097167bad4c11d6c6,895,0.0314970394174356,105,508
338,69499d2c1b148ede484f31179bf9c41444d06ab0,1166,0.0314970394174356,106,673
339,6a3ca166abd57ac40b872fb12ceae923a3210e93,12,0.0314970394174356,107,4
340,6a3ca166abd57ac40b872fb12ceae923a3210e93,30,0.0314970394174356,107,11
341,6a3ca166abd57ac40b872fb12ceae923a3210e93,471,0.0314970394174356,107,269
342,6a3ca166abd57ac40b872fb12ceae923a3210e93,501,0.0314970394174356,107,287
343,6a84eeb74e0e1ca2e79d7c2ae8c952d65cc9c5be,265,0.0314970394174356,108,155
344,6a84eeb74e0e1ca2e79d7c2ae8c952d65cc9c5be,363,0.0314970394174356,108,209
345,6a84eeb74e0e1ca2e79d7c2ae8c952d65cc9c5be,399,0.0314970394174356,108,232
346,6a84eeb74e0e1ca2e79d7c2ae8c952d65cc9c5be,549,0.0314970394174356,108,311
347,6a84eeb74e0e1ca2e79d7c2ae8c952d65cc9c5be,810,0.0314970394174356,108,460
348,6affefd70d848091a6f2bcf653eecae4bdd66ea3,62,0.0314970394174356,109,33
349,6affefd70d848091a6f2bcf653eecae4bdd66ea3,171,0.0314970394174356,109,100
350,6affefd70d848091a6f2bcf653eecae4bdd66ea3,311,0.0314970394174356,109,181
351,6da5aa5688338b0abd3f472283cf6f9ecbcd1dc6,881,0.0314970394174356,110,499
352,6de068d88a3cd134b5c027aca22195980c619520,41,0.0314970394174356,111,19
353,6de068d88a3cd134b5c027aca22195980c619520,348,0.0314970394174356,111,201
354,6de068d88a3cd134b5c027aca22195980c619520,483,0.0314970394174356,111,276
355,6de068d88a3cd134b5c027aca22195980c619520,689,0.0314970394174356,111,383
356,6de068d88a3cd134b5c027aca22195980c619520,941,0.0314970394174356,111,538
357,6de068d88a3cd134b5c027aca22195980c619520,1131,0.0314970394174356,111,651
358,6ef9a4b1a685ea5370d34520df1fcf16c95a4a97,383,0.0314970394174356,112,221
359,6ef9a4b1a685ea5370d34520df1fcf16c95a4a97,470,0.0314970394174356,112,268
360,6ef9a4b1a685ea5370d34520df1fcf16c95a4a97,518,0.0314970394174356,112,293
361,6ef9a4b1a685ea5370d34520df1fcf16c95a4a97,870,0.0314970394174356,112,493
362,6f772c59167c2e5797799ac48505863200d36394,83,0.0314970394174356,113,50
363,6f772c59167c2e5797799ac48505863200d36394,176,0.0314970394174356,113,103
364,6f772c59167c2e5797799ac48505863200d36394,430,0.0314970394174356,113,249
365,6fa0acf561c6e68e9fc4e1ee321d0bce95a05b32,54,0.0314970394174356,114,26
366,6fa0acf561c6e68e9fc4e1ee321d0bce95a05b32,282,0.0314970394174356,114,164
367,6fa0acf561c6e68e9fc4e1ee321d0bce95a05b32,346,0.0314970394174356,114,200
368,6fa0acf561c6e68e9fc4e1ee321d0bce95a05b32,597,0.0314970394174356,114,340
369,6fa0acf561c6e68e9fc4e1ee321d0bce95a05b32,772,0.0314970394174356,114,434
370,6fa0acf561c6e68e9fc4e1ee321d0bce95a05b32,1028,0.0314970394174356,114,593
371,707a1c9b8117b2fb95c65641828dd43208e46099,127,0.0314970394174356,115,72
372,707a1c9b8117b2fb95c65641828dd43208e46099,157,0.0314970394174356,115,90
373,707a1c9b8117b2fb95c65641828dd43208e46099,749,0.0314970394174356,115,416
374,707a1c9b8117b2fb95c65641828dd43208e46099,979,0.0314970394174356,115,556
375,707a1c9b8117b2fb95c65641828dd43208e46099,1147,0.0314970394174356,115,662
376,71b4781bce21d57581b95e6f2a3cffcc6f840e19,70,0.0314970394174356,116,39
377,71b4781bce21d57581b95e6f2a3cffcc6f840e19,184,0.0314970394174356,116,106
378,71b4781bce21d57581b95e6f2a3cffcc6f840e19,308,0.0314970394174356,116,179
379,71b4781bce21d57581b95e6f2a3cffcc6f840e19,381,0.0314970394174356,116,220
380,71b4781bce21d57581b95e6f2a3cffcc6f840e19,641,0.0314970394174356,116,360
381,71b4781bce21d57581b95e6f2a3cffcc6f840e19,972,0.0314970394174356,116,552
382,721de653ad27f3d4cea18f79f4be19355b1cf69a,303,0.0314970394174356,117,178
383,721de653ad27f3d4cea18f79f4be19355b1cf69a,605,0.0314970394174356,117,343
384,721de653ad27f3d4cea18f79f4be19355b1cf69a,661,0.0314970394174356,117,369
385,721de653ad27f3d4cea18f79f4be19355b1cf69a,668,0.0314970394174356,117,373
386,721de653ad27f3d4cea18f79f4be19355b1cf69a,1047,0.0314970394174356,117,605
387,7287deeb471efbd4ab51e1beb138b8c272c0eb5f,371,0.0314970394174356,118,214
388,7287deeb471efbd4ab51e1beb138b8c272c0eb5f,423,0.0314970394174356,118,245
389,73c402e7bd9662568aec1426c30cf08050fe2577,30,0.0314970394174356,119,11
390,73c402e7bd9662568aec1426c30cf08050fe2577,652,0.0314970394174356,119,364
391,73c402e7bd9662568aec1426c30cf08050fe2577,938,0.0314970394174356,119,536
392,73f07cf100c9c560cc9f1c750c98404ced819096,426,0.0314970394174356,120,247
393,73f07cf100c9c560cc9f1c750c98404ced819096,573,0.0314970394174356,120,324
394,740ca06815b94a70de9fdeaa3430d8d08412e086,493,0.0314970394174356,121,281
395,740ca06815b94a70de9fdeaa3430d8d08412e086,759,0.0314970394174356,121,423
396,744ec311d23fed7449573cc347ee7dd189d2f182,477,0.0314970394174356,122,271
397,744ec311d23fed7449573cc347ee7dd189d2f182,1140,0.0314970394174356,122,659
398,7465f5330aaee1d78360c683c3b80d3556083544,47,0.0314970394174356,123,23
399,7465f5330aaee1d78360c683c3b80d3556083544,465,0.0314970394174356,123,266
400,7465f5330aaee1d78360c683c3b80d3556083544,503,0.0314970394174356,123,288
401,7465f5330aaee1d78360c683c3b80d3556083544,542,0.0314970394174356,123,306
402,7465f5330aaee1d78360c683c3b80d3556083544,616,0.0314970394174356,123,348
403,7465f5330aaee1d78360c683c3b80d3556083544,911,0.0314970394174356,123,521
404,7465f5330aaee1d78360c683c3b80d3556083544,1096,0.0314970394174356,123,629
405,75ad61806b169c467737cf23c6b1bd4c5efea9a9,284,0.0314970394174356,124,166
406,75cfbc0127dd9ff7bdb700664e8841f72e71fada,359,0.0314970394174356,125,207
407,75cfbc0127dd9ff7bdb700664e8841f72e71fada,553,0.0314970394174356,125,314
408,75cfbc0127dd9ff7bdb700664e8841f72e71fada,1151,0.0314970394174356,125,664
409,770bc9f749f101754861c22955d911b435c87d0d,151,0.0314970394174356,126,87
410,770bc9f749f101754861c22955d911b435c87d0d,303,0.0314970394174356,126,178
411,770bc9f749f101754861c22955d911b435c87d0d,531,0.0314970394174356,126,301
412,770bc9f749f101754861c22955d911b435c87d0d,1100,0.0314970394174356,126,630
413,777917853b34cd65ca50019ab932da443de41998,440,0.0314970394174356,127,255
414,777917853b34cd65ca50019ab932da443de41998,910,0.0314970394174356,127,520
415,77bd41a3cf11b39934bfeec8d7b4de870f97b26d,324,0.0314970394174356,128,189
416,77bd41a3cf11b39934bfeec8d7b4de870f97b26d,381,0.0314970394174356,128,220
417,77bd41a3cf11b39934bfeec8d7b4de870f97b26d,843,0.0314970394174356,128,475
418,77bd41a3cf11b39934bfeec8d7b4de870f97b26d,845,0.0314970394174356,128,477
419,77bd41a3cf11b39934bfeec8d7b4de870f97b26d,1022,0.0314970394174356,128,587
420,77bd41a3cf11b39934bfeec8d7b4de870f97b26d,1197,0.0314970394174356,128,683
421,78bbde8759e46f6e23d8e7ba18932d0abf016ca9,51,0.0314970394174356,129,25
422,78bbde8759e46f6e23d8e7ba18932d0abf016ca9,706,0.0314970394174356,129,393
423,78c84bd65beeaecd060145d88e1e1ed806637657,7,0.0314970394174356,130,1
424,78c84bd65beeaecd060145d88e1e1ed806637657,50,0.0314970394174356,130,24
425,78c84bd65beeaecd060145d88e1e1ed806637657,170,0.0314970394174356,130,99
426,78c84bd65beeaecd060145d88e1e1ed806637657,269,0.0314970394174356,130,157
427,78c84bd65beeaecd060145d88e1e1ed806637657,767,0.0314970394174356,130,429
428,7a0c71fae5ece4ecca1c46fecd440b536b7bf373,835,0.0314970394174356,131,470
429,7a0c71fae5ece4ecca1c46fecd440b536b7bf373,1005,0.0314970394174356,131,575
430,7b0fe86b3c65f5db0004cf4235f77b81714e9e09,529,0.0314970394174356,132,300
431,7b0fe86b3c65f5db0004cf4235f77b81714e9e09,856,0.0314970394174356,132,486
432,7b0fe86b3c65f5db0004cf4235f77b81714e9e09,1024,0.0314970394174356,132,589
433,7b95bf54a1cb3e2fcbc8694373d7ae2b003842a0,14,0.0314970394174356,133,5
434,7b95bf54a1cb3e2fcbc8694373d7ae2b003842a0,79,0.0314970394174356,133,46
435,7b95bf54a1cb3e2fcbc8694373d7ae2b003842a0,612,0.0314970394174356,133,347
436,7b95bf54a1cb3e2fcbc8694373d7ae2b003842a0,768,0.0314970394174356,133,430
437,7b95bf54a1cb3e2fcbc8694373d7ae2b003842a0,932,0.0314970394174356,133,532
438,7b95bf54a1cb3e2fcbc8694373d7ae2b003842a0,1009,0.0314970394174356,133,579
439,7d06e2d73517f8eaed38baa94fec9af5e751ed56,158,0.0314970394174356,134,91
440,7d06e2d73517f8eaed38baa94fec9af5e751ed56,309,0.0314970394174356,134,180
441,7d06e2d73517f8eaed38baa94fec9af5e751ed56,655,0.0314970394174356,134,366
442,7d06e2d73517f8eaed38baa94fec9af5e751ed56,847,0.0314970394174356,134,479
443,7d06e2d73517f8eaed38baa94fec9af5e751ed56,1166,0.0314970394174356,134,673
444,7d15abba99dc05c89d2ac4b33d2e8fb06cbc9e1a,135,0.0314970394174356,135,77
445,7d15abba99dc05c89d2ac4b33d2e8fb06cbc9e1a,238,0.0314970394174356,135,136
446,7d15abba99dc05c89d2ac4b33d2e8fb06cbc9e1a,355,0.0314970394174356,135,204
447,7d15abba99dc05c89d2ac4b33d2e8fb06cbc9e1a,396,0.0314970394174356,135,230
448,7d15abba99dc05c89d2ac4b33d2e8fb06cbc9e1a,548,0.0314970394174356,135,310
449,7d15abba99dc05c89d2ac4b33d2e8fb06cbc9e1a,1128,0.0314970394174356,135,648
450,7d15abba99dc05c89d2ac4b33d2e8fb06cbc9e1a,1131,0.0314970394174356,135,651
451,7dd69f0c533a79da118e280b94a4b82b479108ff,138,0.0314970394174356,136,79
452,7dd69f0c533a79da118e280b94a4b82b479108ff,298,0.0314970394174356,136,176
453,7dd69f0c533a79da118e280b94a4b82b479108ff,729,0.0314970394174356,136,404
454,7dd69f0c533a79da118e280b94a4b82b479108ff,739,0.0314970394174356,136,409
455,7dd69f0c533a79da118e280b94a4b82b479108ff,1078,0.0314970394174356,136,623
456,7f0ba2030678cdd5468db61b4e88495feca91bc3,204,0.0314970394174356,137,116
457,7f0ba2030678cdd5468db61b4e88495feca91bc3,247,0.0314970394174356,137,144
458,7f0ba2030678cdd5468db61b4e88495feca91bc3,789,0.0314970394174356,137,445
459,7f0ba2030678cdd5468db61b4e88495feca91bc3,871,0.0314970394174356,137,494
460,7f0ba2030678cdd5468db61b4e88495feca91bc3,1154,0.0314970394174356,137,666
461,7f253de7ee105ee2acfbc7d360e750042cc90198,549,0.0314970394174356,138,311
462,7f253de7ee105ee2acfbc7d360e750042cc90198,767,0.0314970394174356,138,429
463,7f9f99fcc6184de265b057c9ad0f7e1e23c97ecb,25,0.0314970394174356,139,10
464,7f9f99fcc6184de265b057c9ad0f7e1e23c97ecb,277,0.0314970394174356,139,161
465,7f9f99fcc6184de265b057c9ad0f7e1e23c97ecb,1179,0.0314970394174356,139,677
466,80273b2ced49eec9bf400c225b9ca52d4c3cc4a5,81,0.0314970394174356,140,48
467,80273b2ced49eec9bf400c225b9ca52d4c3cc4a5,352,0.0314970394174356,140,203
468,80273b2ced49eec9bf400c225b9ca52d4c3cc4a5,778,0.0314970394174356,140,437
469,80273b2ced49eec9bf400c225b9ca52d4c3cc4a5,1060,0.0314970394174356,140,611
470,80273b2ced49eec9bf400c225b9ca52d4c3cc4a5,1104,0.0314970394174356,140,633
471,81e55a5115dcf1a779ac43cc5a5f9e407bf34d53,185,0.0314970394174356,141,107
472,81e55a5115dcf1a779ac43cc5a5f9e407bf34d53,481,0.0314970394174356,141,275
473,81e55a5115dcf1a779ac43cc5a5f9e407bf34d53,770,0.0314970394174356,141,432
474,81e55a5115dcf1a779ac43cc5a5f9e407bf34d53,777,0.0314970394174356,141,436
475,81e55a5115dcf1a779ac43cc5a5f9e407bf34d53,799,0.0314970394174356,141,453
476,81e55a5115dcf1a779ac43cc5a5f9e407bf34d53,964,0.0314970394174356,141,546
477,81e55a5115dcf1a779ac43cc5a5f9e407bf34d53,1061,0.0314970394174356,141,612
478,81e55a5115dcf1a779ac43cc5a5f9e407bf34d53,1161,0.0314970394174356,141,671
479,820b72047beb464ccaa3ff718da075981f18cca5,505,0.0314970394174356,142,290
480,820b72047beb464ccaa3ff718da075981f18cca5,791,0.0314970394174356,142,447
481,820b72047beb464ccaa3ff718da075981f18cca5,896,0.0314970394174356,142,509
482,84210e5e91969c0fb95e9d456a7b41a2ca5c2b67,643,0.0314970394174356,143,361
483,84210e5e91969c0fb95e9d456a7b41a2ca5c2b67,672,0.0314970394174356,143,374
484,84210e5e91969c0fb95e9d456a7b41a2ca5c2b67,776,0.0314970394174356,143,435
485,84210e5e91969c0fb95e9d456a7b41a2ca5c2b67,1063,0.0314970394174356,143,614
486,86508da841371c12728ff9819f6fa53bca81abe6,429,0.0314970394174356,144,248
487,86508da841371c12728ff9819f6fa53bca81abe6,809,0.0314970394174356,144,459
488,87842e6d01665606a8603909fce0cf77a4afb4ab,58,0.0314970394174356,145,29
489,87842e6d01665606a8603909fce0cf77a4afb4ab,429,0.0314970394174356,145,248
490,87842e6d01665606a8603909fce0cf77a4afb4ab,976,0.0314970394174356,145,554
491,8878581a3286e6400ef599c8c5a167329913513e,134,0.0314970394174356,146,76
492,8878581a3286e6400ef599c8c5a167329913513e,436,0.0314970394174356,146,253
493,8878581a3286e6400ef599c8c5a167329913513e,465,0.0314970394174356,146,266
494,8878581a3286e6400ef599c8c5a167329913513e,549,0.0314970394174356,146,311
495,8878581a3286e6400ef599c8c5a167329913513e,1041,0.0314970394174356,146,601
496,8878581a3286e6400ef599c8c5a167329913513e,1168,0.0314970394174356,146,674
497,8950ad27d3d919f747beb347174bcf451de45571,235,0.0314970394174356,147,133
498,8950ad27d3d919f747beb347174bcf451de45571,346,0.0314970394174356,147,200
499,8950ad27d3d919f747beb347174bcf451de45571,560,0.0314970394174356,147,317
500,8950ad27d3d919f747beb347174bcf451de45571,787,0.0314970394174356,147,443
501,8950ad27d3d919f747beb347174bcf451de45571,1040,0.0314970394174356,147,600
502,895ab6dbeb24e2f85ba0ed4dee0a38f1cf00f282,322,0.0314970394174356,148,187
503,89a0ecb0c62db1e2240b90f7d3536cc48cd38efa,254,0.0314970394174356,149,148
504,89a0ecb0c62db1e2240b90f7d3536cc48cd38efa,520,0.0314970394174356,149,294
505,89a0ecb0c62db1e2240b90f7d3536cc48cd38efa,1008,0.0314970394174356,149,578
506,89a0ecb0c62db1e2240b90f7d3536cc48cd38efa,1027,0.0314970394174356,149,592
507,89f83de1b9917420af21faa9791068569d1d1936,856,0.0314970394174356,150,486
508,8a0ec04aa3c3ae44b49878d1d99b51d78b9bc128,478,0.0314970394174356,151,272
509,8a0ec04aa3c3ae44b49878d1d99b51d78b9bc128,1126,0.0314970394174356,151,646
510,8d2a6225dfefab0e97c6b5ababc97c77d05a3e44,12,0.0314970394174356,152,4
511,8d2a6225dfefab0e97c6b5ababc97c77d05a3e44,147,0.0314970394174356,152,84
512,8d2a6225dfefab0e97c6b5ababc97c77d05a3e44,590,0.0314970394174356,152,336
513,8d2a6225dfefab0e97c6b5ababc97c77d05a3e44,599,0.0314970394174356,152,341
514,8d2a6225dfefab0e97c6b5ababc97c77d05a3e44,825,0.0314970394174356,152,466
515,8d2a6225dfefab0e97c6b5ababc97c77d05a3e44,847,0.0314970394174356,152,479
516,8d2a6225dfefab0e97c6b5ababc97c77d05a3e44,904,0.0314970394174356,152,515
517,8d72062c7096f9dcbdf2201489c4143d51febf94,244,0.0314970394174356,153,141
518,8d72062c7096f9dcbdf2201489c4143d51febf94,836,0.0314970394174356,153,471
519,8d72062c7096f9dcbdf2201489c4143d51febf94,1040,0.0314970394174356,153,600
520,8d72062c7096f9dcbdf2201489c4143d51febf94,1061,0.0314970394174356,153,612
521,8e007a3fa9bf3ab629d6dcaa2b43c60105d65fb0,249,0.0314970394174356,154,145
522,8e007a3fa9bf3ab629d6dcaa2b43c60105d65fb0,839,0.0314970394174356,154,473
523,8e23b11a48b67f5cf4e05fc3d62e166dce4076eb,205,0.0314970394174356,155,117
524,8e23b11a48b67f5cf4e05fc3d62e166dce4076eb,514,0.0314970394174356,155,292
525,8e23b11a48b67f5cf4e05fc3d62e166dce4076eb,791,0.0314970394174356,155,447
526,8e23b11a48b67f5cf4e05fc3d62e166dce4076eb,1000,0.0314970394174356,155,570
527,8e23b11a48b67f5cf4e05fc3d62e166dce4076eb,1176,0.0314970394174356,155,676
528,8e40ddc826a15891b2ec7b3cbec137c0b995ff77,42,0.0314970394174356,156,20
529,8e40ddc826a15891b2ec7b3cbec137c0b995ff77,752,0.0314970394174356,156,419
530,8e40ddc826a15891b2ec7b3cbec137c0b995ff77,1056,0.0314970394174356,156,610
531,8e40ddc826a15891b2ec7b3cbec137c0b995ff77,1105,0.0314970394174356,156,634
532,8e40ddc826a15891b2ec7b3cbec137c0b995ff77,1183,0.0314970394174356,156,680
533,8f1cd5044ea006b47f5083d6b5ce51f7d926ff7b,276,0.0314970394174356,157,160
534,8f574513eee090cde53895923e488de52a68a067,593,0.0314970394174356,158,338
535,8f574513eee090cde53895923e488de52a68a067,779,0.0314970394174356,158,438
536,90d50e1f328bce0598effb3f9d23bbef8e86e198,298,0.0314970394174356,159,176
537,90d50e1f328bce0598effb3f9d23bbef8e86e198,370,0.0314970394174356,159,213
538,90d50e1f328bce0598effb3f9d23bbef8e86e198,771,0.0314970394174356,159,433
539,90d50e1f328bce0598effb3f9d23bbef8e86e198,788,0.0314970394174356,159,444
540,95893f384b61a974c66c5504b5ae2cdcba36655c,356,0.0314970394174356,160,205
541,95893f384b61a974c66c5504b5ae2cdcba36655c,1116,0.0314970394174356,160,640
542,95c809d493d3657ef06b115fe1e33d3ae1f1df52,832,0.0314970394174356,161,467
543,95c809d493d3657ef06b115fe1e33d3ae1f1df52,836,0.0314970394174356,161,471
544,96f9e1f170517baf659cb9904cef1ad4d4c9d244,36,0.0314970394174356,162,15
545,96f9e1f170517baf659cb9904cef1ad4d4c9d244,214,0.0314970394174356,162,121
546,96f9e1f170517baf659cb9904cef1ad4d4c9d244,813,0.0314970394174356,162,463
547,96f9e1f170517baf659cb9904cef1ad4d4c9d244,1122,0.0314970394174356,162,643
548,978e08ca7255fbcccad5f66d1a2d6e6ae69f2c7b,740,0.0314970394174356,163,410
549,978e08ca7255fbcccad5f66d1a2d6e6ae69f2c7b,801,0.0314970394174356,163,455
550,978e08ca7255fbcccad5f66d1a2d6e6ae69f2c7b,1048,0.0314970394174356,163,606
551,97b024aa1445fc961c8347518a87ea7ce02d4863,479,0.0314970394174356,164,273
552,97b024aa1445fc961c8347518a87ea7ce02d4863,653,0.0314970394174356,164,365
553,9859e281c5307fe845d44be0d9c6800f2d3b2bf2,8,0.0314970394174356,165,2
554,9859e281c5307fe845d44be0d9c6800f2d3b2bf2,181,0.0314970394174356,165,105
555,9859e281c5307fe845d44be0d9c6800f2d3b2bf2,728,0.0314970394174356,165,403
556,9859e281c5307fe845d44be0d9c6800f2d3b2bf2,1047,0.0314970394174356,165,605
557,9859e281c5307fe845d44be0d9c6800f2d3b2bf2,1106,0.0314970394174356,165,635
558,99254e6032832a5bfeba440f7a258c90905cafb2,127,0.0314970394174356,166,72
559,99254e6032832a5bfeba440f7a258c90905cafb2,239,0.0314970394174356,166,137
560,99254e6032832a5bfeba440f7a258c90905cafb2,626,0.0314970394174356,166,353
561,99254e6032832a5bfeba440f7a258c90905cafb2,745,0.0314970394174356,166,412
562,9962a25d209a03261f1855a4b1d74704877173b4,303,0.0314970394174356,167,178
563,9962a25d209a03261f1855a4b1d74704877173b4,611,0.0314970394174356,167,346
564,9962a25d209a03261f1855a4b1d74704877173b4,786,0.0314970394174356,167,442
565,9962a25d209a03261f1855a4b1d74704877173b4,936,0.0314970394174356,167,534
566,9962a25d209a03261f1855a4b1d74704877173b4,1032,0.0314970394174356,167,595
567,9962a25d209a03261f1855a4b1d74704877173b4,1142,0.0314970394174356,167,660
568,99afaa7d57de6a8488263188da7ca2036d491ece,560,0.0314970394174356,168,317
569,99afaa7d57de6a8488263188da7ca2036d491ece,795,0.0314970394174356,168,451
570,99afaa7d57de6a8488263188da7ca2036d491ece,1028,0.0314970394174356,168,593
571,9c206523ae536349742f30e468235c94f22b59a0,98,0.0314970394174356,169,60
572,9c206523ae536349742f30e468235c94f22b59a0,566,0.0314970394174356,169,320
573,9c31a703ce908bfc79bfbb7c4d726c2f5fc9b661,99,0.0314970394174356,170,61
574,9c31a703ce908bfc79bfbb7c4d726c2f5fc9b661,186,0.0314970394174356,170,108
575,9c31a703ce908bfc79bfbb7c4d726c2f5fc9b661,299,0.0314970394174356,170,177
576,9c31a703ce908bfc79bfbb7c4d726c2f5fc9b661,935,0.0314970394174356,170,533
577,9cb4ef41c404ef5eaa9f1f754e426b3f1646c295,51,0.0314970394174356,171,25
578,9cb4ef41c404ef5eaa9f1f754e426b3f1646c295,470,0.0314970394174356,171,268
579,9cb4ef41c404ef5eaa9f1f754e426b3f1646c295,891,0.0314970394174356,171,505
580,9cb4ef41c404ef5eaa9f1f754e426b3f1646c295,1101,0.0314970394174356,171,631
581,9cd993b2205d6d0cbbfd6d44ecd002e6ce655bdb,674,0.0314970394174356,172,375
582,9cd993b2205d6d0cbbfd6d44ecd002e6ce655bdb,767,0.0314970394174356,172,429
583,9d04e9b97cd0c292a44a45ae405e6b9bfcc86adf,63,0.0314970394174356,173,34
584,9d04e9b97cd0c292a44a45ae405e6b9bfcc86adf,794,0.0314970394174356,173,450
585,9d04e9b97cd0c292a44a45ae405e6b9bfcc86adf,908,0.0314970394174356,173,518
586,9d04e9b97cd0c292a44a45ae405e6b9bfcc86adf,1117,0.0314970394174356,173,641
587,9d61d948a0e75cc562afce0f7adc837b1dc27e72,65,0.0314970394174356,174,35
588,9d61d948a0e75cc562afce0f7adc837b1dc27e72,344,0.0314970394174356,174,199
589,9d61d948a0e75cc562afce0f7adc837b1dc27e72,739,0.0314970394174356,174,409
590,9d61d948a0e75cc562afce0f7adc837b1dc27e72,751,0.0314970394174356,174,418
591,9d61d948a0e75cc562afce0f7adc837b1dc27e72,873,0.0314970394174356,174,495
592,9e779be66b795ccf5d2c274554e0519bc0561e95,542,0.0314970394174356,175,306
593,9e779be66b795ccf5d2c274554e0519bc0561e95,855,0.0314970394174356,175,485
594,9e958ccb2627309e371817008a0141f85d707b6d,78,0.0314970394174356,176,45
595,9e958ccb2627309e371817008a0141f85d707b6d,237,0.0314970394174356,176,135
596,9e958ccb2627309e371817008a0141f85d707b6d,312,0.0314970394174356,176,182
597,9e958ccb2627309e371817008a0141f85d707b6d,526,0.0314970394174356,176,298
598,9e958ccb2627309e371817008a0141f85d707b6d,887,0.0314970394174356,176,503
599,9e958ccb2627309e371817008a0141f85d707b6d,995,0.0314970394174356,176,565
600,9e958ccb2627309e371817008a0141f85d707b6d,1123,0.0314970394174356,176,644
601,9e958ccb2627309e371817008a0141f85d707b6d,1170,0.0314970394174356,176,675
602,9e958ccb2627309e371817008a0141f85d707b6d,1199,0.0314970394174356,176,685
603,a0df56056d62921a1088497fdf280be35d2645ab,285,0.0314970394174356,177,167
604,a0df56056d62921a1088497fdf280be35d2645ab,319,0.0314970394174356,177,184
605,a17d2f3ebf634f7e1b5872c5121b11180d92ecac,430,0.0314970394174356,178,249
606,a17d2f3ebf634f7e1b5872c5121b11180d92ecac,550,0.0314970394174356,178,312
607,a17e441652cfa8b1b472fcd944c9d34eaf3ddb89,12,0.0314970394174356,179,4
608,a17e441652cfa8b1b472fcd944c9d34eaf3ddb89,413,0.0314970394174356,179,242
609,a17e441652cfa8b1b472fcd944c9d34eaf3ddb89,708,0.0314970394174356,179,394
610,a17e441652cfa8b1b472fcd944c9d34eaf3ddb89,743,0.0314970394174356,179,411
611,a17e441652cfa8b1b472fcd944c9d34eaf3ddb89,911,0.0314970394174356,179,521
612,a17e441652cfa8b1b472fcd944c9d34eaf3ddb89,959,0.0314970394174356,179,544
613,a17e441652cfa8b1b472fcd944c9d34eaf3ddb89,1023,0.0314970394174356,179,588
614,a1a99763fd3f50a47e56e7ac2d229697d79fb11c,265,0.0314970394174356,180,155
615,a1a99763fd3f50a47e56e7ac2d229697d79fb11c,645,0.0314970394174356,180,362
616,a1a99763fd3f50a47e56e7ac2d229697d79fb11c,989,0.0314970394174356,180,560
617,a2be19e0e5ff668a8a5e7dcf6b63fd179961dafb,99,0.0314970394174356,181,61
618,a2be19e0e5ff668a8a5e7dcf6b63fd179961dafb,943,0.0314970394174356,181,539
619,a2be19e0e5ff668a8a5e7dcf6b63fd179961dafb,1102,0.0314970394174356,181,632
620,a2be19e0e5ff668a8a5e7dcf6b63fd179961dafb,1179,0.0314970394174356,181,677
621,a31b8911730108b97e849c2aab3a33f07babf168,107,0.0314970394174356,182,64
622,a31b8911730108b97e849c2aab3a33f07babf168,268,0.0314970394174356,182,156
623,a44efa30e2b40432f92f517ab133ce71b4900d6d,99,0.0314970394174356,183,61
624,a44efa30e2b40432f92f517ab133ce71b4900d6d,375,0.0314970394174356,183,217
625,a44efa30e2b40432f92f517ab133ce71b4900d6d,547,0.0314970394174356,183,309
626,a44efa30e2b40432f92f517ab133ce71b4900d6d,576,0.0314970394174356,183,326
627,a4b24fa6f444c9687f36aec62525e9f1260cb127,9,0.0314970394174356,184,3
628,a4b24fa6f444c9687f36aec62525e9f1260cb127,94,0.0314970394174356,184,58
629,a4b24fa6f444c9687f36aec62525e9f1260cb127,109,0.0314970394174356,184,65
630,a5109cca3b32a6e69396af2137c892fcab5569fb,21,0.0314970394174356,185,8
631,a5109cca3b32a6e69396af2137c892fcab5569fb,56,0.0314970394174356,185,28
632,a5109cca3b32a6e69396af2137c892fcab5569fb,139,0.0314970394174356,185,80
633,a5109cca3b32a6e69396af2137c892fcab5569fb,337,0.0314970394174356,185,195
634,a5109cca3b32a6e69396af2137c892fcab5569fb,732,0.0314970394174356,185,406
635,a6f8609cb9abaa9c7fa87f933b09705470582fdd,3,0.0314970394174356,186,0
636,a6f8609cb9abaa9c7fa87f933b09705470582fdd,168,0.0314970394174356,186,98
637,a6f8609cb9abaa9c7fa87f933b09705470582fdd,786,0.0314970394174356,186,442
638,a6f8609cb9abaa9c7fa87f933b09705470582fdd,992,0.0314970394174356,186,563
639,a70d7bb553fa3c1aeb318f7b5ec1f34804f6b1e6,795,0.0314970394174356,187,451
640,a70d7bb553fa3c1aeb318f7b5ec1f34804f6b1e6,1198,0.0314970394174356,187,684
641,a71fdde0d01bd77aa85e5dfe47e370e306bb893f,689,0.0314970394174356,188,383
642,a71fdde0d01bd77aa85e5dfe47e370e306bb893f,786,0.0314970394174356,188,442
643,a71fdde0d01bd77aa85e5dfe47e370e306bb893f,910,0.0314970394174356,188,520
644,a71fdde0d01bd77aa85e5dfe47e370e306bb893f,1031,0.0314970394174356,188,594
645,a758eabb845b2ebab9f382a4b17db17dc6304a33,503,0.0314970394174356,189,288
646,a758eabb845b2ebab9f382a4b17db17dc6304a33,725,0.0314970394174356,189,402
647,a758eabb845b2ebab9f382a4b17db17dc6304a33,1003,0.0314970394174356,189,573
648,a758eabb845b2ebab9f382a4b17db17dc6304a33,1111,0.0314970394174356,189,637
649,a758eabb845b2ebab9f382a4b17db17dc6304a33,1114,0.0314970394174356,189,638
650,a808e30e012fa4bff42533e12abf594d9018258d,61,0.0314970394174356,190,32
651,a808e30e012fa4bff42533e12abf594d9018258d,604,0.0314970394174356,190,342
652,aae3e840a8fc7bf1956cc7c8fccbb1308c70609c,166,0.0314970394174356,191,97
653,aae3e840a8fc7bf1956cc7c8fccbb1308c70609c,364,0.0314970394174356,191,210
654,aae3e840a8fc7bf1956cc7c8fccbb1308c70609c,692,0.0314970394174356,191,386
655,aae3e840a8fc7bf1956cc7c8fccbb1308c70609c,1012,0.0314970394174356,191,582
656,ac3a382fcc6e72a6f8eaf462e822e328690f46ba,16,0.0314970394174356,192,6
657,ac3a382fcc6e72a6f8eaf462e822e328690f46ba,1061,0.0314970394174356,192,612
658,ac7f924e4009f1553703fd45a4344a3335ba6d58,148,0.0314970394174356,193,85
659,ac7f924e4009f1553703fd45a4344a3335ba6d58,383,0.0314970394174356,193,221
660,ac7f924e4009f1553703fd45a4344a3335ba6d58,710,0.0314970394174356,193,395
661,ac7f924e4009f1553703fd45a4344a3335ba6d58,923,0.0314970394174356,193,528
662,ac7f924e4009f1553703fd45a4344a3335ba6d58,940,0.0314970394174356,193,537
663,acbe31896a7f16a20684c14ffb70c7f366eb49e3,388,0.0314970394174356,194,224
664,ade46911236bb9912fb838e97b4ce1ca661d0dab,413,0.0314970394174356,195,242
665,ade46911236bb9912fb838e97b4ce1ca661d0dab,998,0.0314970394174356,195,568
666,ae551653a58baf06769c0c9bc8bdd0ce8afd7bee,51,0.0314970394174356,196,25
667,ae551653a58baf06769c0c9bc8bdd0ce8afd7bee,86,0.0314970394174356,196,53
668,ae551653a58baf06769c0c9bc8bdd0ce8afd7bee,127,0.0314970394174356,196,72
669,ae551653a58baf06769c0c9bc8bdd0ce8afd7bee,285,0.0314970394174356,196,167
670,ae551653a58baf06769c0c9bc8bdd0ce8afd7bee,420,0.0314970394174356,196,244
671,af9c33bc69a14d41768a5d2537f663b7708efe0e,1102,0.0314970394174356,197,632
672,afd18e44f5561c160ead8f1e855ccaf8400a58e9,192,0.0314970394174356,198,110
673,afd18e44f5561c160ead8f1e855ccaf8400a58e9,327,0.0314970394174356,198,192
674,afd18e44f5561c160ead8f1e855ccaf8400a58e9,397,0.0314970394174356,198,231
675,afd18e44f5561c160ead8f1e855ccaf8400a58e9,800,0.0314970394174356,198,454
676,b0f2acc17dcfcf0d6a3cd073afb1557a8292394a,199,0.0314970394174356,199,113
677,b0f2acc17dcfcf0d6a3cd073afb1557a8292394a,782,0.0314970394174356,199,440
678,b2857e29c0bce7f3aa9bdbf1ae3366983266f744,162,0.0314970394174356,200,94
679,b2857e29c0bce7f3aa9bdbf1ae3366983266f744,635,0.0314970394174356,200,358
680,b2857e29c0bce7f3aa9bdbf1ae3366983266f744,853,0.0314970394174356,200,484
681,b4483f5a7834d259c12d2b910473e0e4b5508b0b,173,0.0314970394174356,201,102
682,b4483f5a7834d259c12d2b910473e0e4b5508b0b,297,0.0314970394174356,201,175
683,b4483f5a7834d259c12d2b910473e0e4b5508b0b,685,0.0314970394174356,201,379
684,b46c4efb5c8811477c240e607f21e6317f43fcc4,434,0.0314970394174356,202,252
685,b46c4efb5c8811477c240e607f21e6317f43fcc4,897,0.0314970394174356,202,510
686,b46c4efb5c8811477c240e607f21e6317f43fcc4,1149,0.0314970394174356,202,663
687,b4fee7bba850db00b417a148a245dea6f0f5f2a0,365,0.0314970394174356,203,211
688,b4fee7bba850db00b417a148a245dea6f0f5f2a0,391,0.0314970394174356,203,226
689,b4fee7bba850db00b417a148a245dea6f0f5f2a0,522,0.0314970394174356,203,295
690,b4fee7bba850db00b417a148a245dea6f0f5f2a0,1042,0.0314970394174356,203,602
691,b5cdebe005bc9def7f5f49d0bfd198c3e92be833,321,0.0314970394174356,204,186
692,b5cdebe005bc9def7f5f49d0bfd198c3e92be833,477,0.0314970394174356,204,271
693,b5cdebe005bc9def7f5f49d0bfd198c3e92be833,666,0.0314970394174356,204,371
694,b5cdebe005bc9def7f5f49d0bfd198c3e92be833,721,0.0314970394174356,204,399
695,b5cdebe005bc9def7f5f49d0bfd198c3e92be833,752,0.0314970394174356,204,419
696,b66b6cb75c2e44da2e123da333dc429cfab2c45d,245,0.0314970394174356,205,142
697,b66b6cb75c2e44da2e123da333dc429cfab2c45d,361,0.0314970394174356,205,208
698,b66b6cb75c2e44da2e123da333dc429cfab2c45d,381,0.0314970394174356,205,220
699,b66b6cb75c2e44da2e123da333dc429cfab2c45d,649,0.0314970394174356,205,363
700,b66b6cb75c2e44da2e123da333dc429cfab2c45d,926,0.0314970394174356,205,530
701,b66b6cb75c2e44da2e123da333dc429cfab2c45d,974,0.0314970394174356,205,553
702,b71b34ae7a550fcf517e7a9c68b83c3f4b949622,136,0.0314970394174356,206,78
703,b71b34ae7a550fcf517e7a9c68b83c3f4b949622,223,0.0314970394174356,206,127
704,b71b34ae7a550fcf517e7a9c68b83c3f4b949622,454,0.0314970394174356,206,261
705,b71b34ae7a550fcf517e7a9c68b83c3f4b949622,926,0.0314970394174356,206,530
706,b84313e70c586343710b908296c3361e60a30ba5,86,0.0314970394174356,207,53
707,b84313e70c586343710b908296c3361e60a30ba5,690,0.0314970394174356,207,384
708,b938992f526db7db637461a76b137c9169671b35,154,0.0314970394174356,208,88
709,b938992f526db7db637461a76b137c9169671b35,597,0.0314970394174356,208,340
710,b938992f526db7db637461a76b137c9169671b35,762,0.0314970394174356,208,425
711,b93a0d88ea7b183e7b38e99c26a1bc5ae8fa85f7,635,0.0314970394174356,209,358
712,b93a0d88ea7b183e7b38e99c26a1bc5ae8fa85f7,896,0.0314970394174356,209,509
713,bb1a4ad6591421f9fa1e474c122d8566396be3b6,359,0.0314970394174356,210,207
714,bb1a4ad6591421f9fa1e474c122d8566396be3b6,1012,0.0314970394174356,210,582
715,bb76f396d34c09905f953decbd9c740edfb9a53d,357,0.0314970394174356,211,206
716,bb76f396d34c09905f953decbd9c740edfb9a53d,686,0.0314970394174356,211,380
717,bb76f396d34c09905f953decbd9c740edfb9a53d,1176,0.0314970394174356,211,676
718,bbd9bfdfdc9338b8c3a3728891dc10b2b841eb44,858,0.0314970394174356,212,487
719,bbf708a50028bbe359f78e522d6d7e32dc0ac669,179,0.0314970394174356,213,104
720,bd4f3f32e70dae9b3dc17d3d7277d6b34cdde5fe,123,0.0314970394174356,214,69
721,bd4f3f32e70dae9b3dc17d3d7277d6b34cdde5fe,208,0.0314970394174356,214,119
722,bd4f3f32e70dae9b3dc17d3d7277d6b34cdde5fe,264,0.0314970394174356,214,154
723,bde049851bc4a7054ca6993ef4a36a2bd414857b,357,0.0314970394174356,215,206
724,bde049851bc4a7054ca6993ef4a36a2bd414857b,860,0.0314970394174356,215,488
725,bde049851bc4a7054ca6993ef4a36a2bd414857b,984,0.0314970394174356,215,557
726,bde049851bc4a7054ca6993ef4a36a2bd414857b,1107,0.0314970394174356,215,636
727,be5c88ee64483c0f7e644573ffde7202b1b792a5,45,0.0314970394174356,216,22
728,be5c88ee64483c0f7e644573ffde7202b1b792a5,162,0.0314970394174356,216,94
729,be5c88ee64483c0f7e644573ffde7202b1b792a5,475,0.0314970394174356,216,270
730,be807b7192504e995a9f1902952cc273e60d89c9,35,0.0314970394174356,217,14
731,be807b7192504e995a9f1902952cc273e60d89c9,60,0.0314970394174356,217,31
732,be807b7192504e995a9f1902952cc273e60d89c9,179,0.0314970394174356,217,104
733,be807b7192504e995a9f1902952cc273e60d89c9,410,0.0314970394174356,217,239
734,be807b7192504e995a9f1902952cc273e60d89c9,1012,0.0314970394174356,217,582
735,be807b7192504e995a9f1902952cc273e60d89c9,1024,0.0314970394174356,217,589
736,bf7959f2968e0f9f70498ba546d81eadcb5841e6,437,0.0314970394174356,218,254
737,bf7959f2968e0f9f70498ba546d81eadcb5841e6,455,0.0314970394174356,218,262
738,bf7959f2968e0f9f70498ba546d81eadcb5841e6,677,0.0314970394174356,218,377
739,bf93b433ce8a3d8fd018471772229294462a1e53,156,0.0314970394174356,219,89
740,bf93b433ce8a3d8fd018471772229294462a1e53,762,0.0314970394174356,219,425
741,bf93b433ce8a3d8fd018471772229294462a1e53,1155,0.0314970394174356,219,667
742,bf93b433ce8a3d8fd018471772229294462a1e53,1158,0.0314970394174356,219,669
743,bf9698a667f76a9746c20173688a0ccdeaae237d,883,0.0314970394174356,220,501
744,bfa7bd8774b24c5a611a61537f2f0deaa88886b0,357,0.0314970394174356,221,206
745,bfa7bd8774b24c5a611a61537f2f0deaa88886b0,1025,0.0314970394174356,221,590
746,bfa7bd8774b24c5a611a61537f2f0deaa88886b0,1140,0.0314970394174356,221,659
747,c0828bc7812c24152736086341eecd3d5d8681e1,204,0.0314970394174356,222,116
748,c0828bc7812c24152736086341eecd3d5d8681e1,434,0.0314970394174356,222,252
749,c0828bc7812c24152736086341eecd3d5d8681e1,487,0.0314970394174356,222,278
750,c0828bc7812c24152736086341eecd3d5d8681e1,555,0.0314970394174356,222,316
751,c0828bc7812c24152736086341eecd3d5d8681e1,606,0.0314970394174356,222,344
752,c0f0a1d70e3f5f805970366f5bf0d29d361fa47c,469,0.0314970394174356,223,267
753,c0f0a1d70e3f5f805970366f5bf0d29d361fa47c,811,0.0314970394174356,223,461
754,c1f3133522da36d588441c73abcd90f76b59ef8e,200,0.0314970394174356,224,114
755,c1f3133522da36d588441c73abcd90f76b59ef8e,589,0.0314970394174356,224,335
756,c2df30ae746ead907bd10c06cff6d5d92c14b890,196,0.0314970394174356,225,112
757,c2df30ae746ead907bd10c06cff6d5d92c14b890,282,0.0314970394174356,225,164
758,c2df30ae746ead907bd10c06cff6d5d92c14b890,846,0.0314970394174356,225,478
759,c34c6c65b26c43e70cef977b45d448557ef6778b,187,0.0314970394174356,226,109
760,c34c6c65b26c43e70cef977b45d448557ef6778b,250,0.0314970394174356,226,146
761,c34c6c65b26c43e70cef977b45d448557ef6778b,298,0.0314970394174356,226,176
762,c34c6c65b26c43e70cef977b45d448557ef6778b,504,0.0314970394174356,226,289
763,c34c6c65b26c43e70cef977b45d448557ef6778b,798,0.0314970394174356,226,452
764,c34c6c65b26c43e70cef977b45d448557ef6778b,1091,0.0314970394174356,226,626
765,c4aa13555079981a80ababf39d6498549b19aeb0,47,0.0314970394174356,227,23
766,c4aa13555079981a80ababf39d6498549b19aeb0,65,0.0314970394174356,227,35
767,c4aa13555079981a80ababf39d6498549b19aeb0,684,0.0314970394174356,227,378
768,c4aa13555079981a80ababf39d6498549b19aeb0,968,0.0314970394174356,227,550
769,c7222a379c71a881d985e7d4bcdc9ffd473e32ac,432,0.0314970394174356,228,251
770,c7222a379c71a881d985e7d4bcdc9ffd473e32ac,805,0.0314970394174356,228,457
771,c7c164bf1bf63cb0eee94c9c5d7e9f8d9febec12,261,0.0314970394174356,229,152
772,c7c164bf1bf63cb0eee94c9c5d7e9f8d9febec12,1152,0.0314970394174356,229,665
773,c8d5ad9d2e0d088e715dd9bc7add5cbd1858b73c,30,0.0314970394174356,230,11
774,c8d5ad9d2e0d088e715dd9bc7add5cbd1858b73c,70,0.0314970394174356,230,39
775,c8d5ad9d2e0d088e715dd9bc7add5cbd1858b73c,402,0.0314970394174356,230,235
776,c8d5ad9d2e0d088e715dd9bc7add5cbd1858b73c,595,0.0314970394174356,230,339
777,c8d5ad9d2e0d088e715dd9bc7add5cbd1858b73c,905,0.0314970394174356,230,516
778,c91a4027c44975560501d0cf9b2c0126ba90609d,656,0.0314970394174356,231,367
779,c91a4027c44975560501d0cf9b2c0126ba90609d,767,0.0314970394174356,231,429
780,ccdf9242c2887933799cf6b35e0e846fda5ff9d2,264,0.0314970394174356,232,154
781,ccdf9242c2887933799cf6b35e0e846fda5ff9d2,292,0.0314970394174356,232,173
782,ccdf9242c2887933799cf6b35e0e846fda5ff9d2,794,0.0314970394174356,232,450
783,ccdf9242c2887933799cf6b35e0e846fda5ff9d2,848,0.0314970394174356,232,480
784,ccdf9242c2887933799cf6b35e0e846fda5ff9d2,1011,0.0314970394174356,232,581
785,ccdf9242c2887933799cf6b35e0e846fda5ff9d2,1130,0.0314970394174356,232,650
786,cd762a65ac06c1dd86c99d6edc52c6edb9f87fc5,919,0.0314970394174356,233,526
787,cd762a65ac06c1dd86c99d6edc52c6edb9f87fc5,1180,0.0314970394174356,233,678
788,cffba25a979ff02da9103fe61fd68bcfc6c42956,80,0.0314970394174356,234,47
789,cffba25a979ff02da9103fe61fd68bcfc6c42956,999,0.0314970394174356,234,569
790,cffba25a979ff02da9103fe61fd68bcfc6c42956,1011,0.0314970394174356,234,581
791,cffba25a979ff02da9103fe61fd68bcfc6c42956,1139,0.0629940788348712,234,658
792,d1268a8de75bb2b4e208d99df0e59221bdf332eb,992,0.0314970394174356,235,563
793,d1acca086f525600b3b5e983f10cc99ff69ae490,31,0.0314970394174356,236,12
794,d1acca086f525600b3b5e983f10cc99ff69ae490,232,0.0314970394174356,236,131
795,d1acca086f525600b3b5e983f10cc99ff69ae490,386,0.0314970394174356,236,223
796,d1acca086f525600b3b5e983f10cc99ff69ae490,568,0.0314970394174356,236,322
797,d1acca086f525600b3b5e983f10cc99ff69ae490,856,0.0314970394174356,236,486
798,d1ce975463a990c1483e440fc06299d4cb543e07,343,0.0314970394174356,237,198
799,d1ce975463a990c1483e440fc06299d4cb543e07,1068,0.0314970394174356,237,618
800,d1fc5055fbb8a20d5978d4bef4877bcd84f79082,341,0.0314970394174356,238,196
801,d1fc5055fbb8a20d5978d4bef4877bcd84f79082,660,0.0314970394174356,238,368
802,d1fc5055fbb8a20d5978d4bef4877bcd84f79082,701,0.0314970394174356,238,390
803,d2aac6a64a1530c0988323f6876a8bbc9d27d141,210,0.0314970394174356,239,120
804,d2aac6a64a1530c0988323f6876a8bbc9d27d141,323,0.0314970394174356,239,188
805,d2aac6a64a1530c0988323f6876a8bbc9d27d141,332,0.0314970394174356,239,193
806,d2aac6a64a1530c0988323f6876a8bbc9d27d141,971,0.0314970394174356,239,551
807,d2aac6a64a1530c0988323f6876a8bbc9d27d141,986,0.0314970394174356,239,559
808,d6044e25a9bad8ed42cddc6a3d00c3a125634142,488,0.0314970394174356,240,279
809,d6044e25a9bad8ed42cddc6a3d00c3a125634142,536,0.0314970394174356,240,305
810,d6044e25a9bad8ed42cddc6a3d00c3a125634142,548,0.0314970394174356,240,310
811,d6044e25a9bad8ed42cddc6a3d00c3a125634142,966,0.0314970394174356,240,548
812,d6ae0b642dae8541bf2f64bddc570d6e771721ee,544,0.0314970394174356,241,307
813,d6ae0b642dae8541bf2f64bddc570d6e771721ee,706,0.0314970394174356,241,393
814,d6d997f0d20900f1604b7400e791b152b112d7e8,334,0.0314970394174356,242,194
815,d6d997f0d20900f1604b7400e791b152b112d7e8,923,0.0314970394174356,242,528
816,d6d997f0d20900f1604b7400e791b152b112d7e8,936,0.0314970394174356,242,534
817,d6d997f0d20900f1604b7400e791b152b112d7e8,1078,0.0314970394174356,242,623
818,d8662ade77f017fde253263c7886aa8b51a610a2,444,0.0314970394174356,243,258
819,d8662ade77f017fde253263c7886aa8b51a610a2,457,0.0314970394174356,243,263
820,da39a3ee5e6b4b0d3255bfef95601890afd80709,215,0.0314970394174356,244,122
821,da39a3ee5e6b4b0d3255bfef95601890afd80709,289,0.0314970394174356,244,170
822,da39a3ee5e6b4b0d3255bfef95601890afd80709,447,0.0314970394174356,244,259
823,da39a3ee5e6b4b0d3255bfef95601890afd80709,769,0.0314970394174356,244,431
824,da39a3ee5e6b4b0d3255bfef95601890afd80709,1007,0.0314970394174356,244,577
825,da54bb75b47c7184227b050acb281aed1a8150ac,852,0.0314970394174356,245,483
826,da6a9c144717891fb32c42c506865f0d6205c6de,890,0.0314970394174356,246,504
827,da6a9c144717891fb32c42c506865f0d6205c6de,1033,0.0314970394174356,246,596
828,da6a9c144717891fb32c42c506865f0d6205c6de,1075,0.0314970394174356,246,621
829,dbc60a3590d453becbae41da187502a245f33e40,748,0.0314970394174356,247,415
830,dbfb30a878d4adf2321c63e9440e70bac5e4c640,493,0.0314970394174356,248,281
831,dbfb30a878d4adf2321c63e9440e70bac5e4c640,800,0.0314970394174356,248,454
832,dbfb30a878d4adf2321c63e9440e70bac5e4c640,967,0.0314970394174356,248,549
833,dbfb30a878d4adf2321c63e9440e70bac5e4c640,1106,0.0314970394174356,248,635
834,dd2e7f04969b13f8992137f00a2075f16ca8604b,237,0.0314970394174356,249,135
835,dd2e7f04969b13f8992137f00a2075f16ca8604b,534,0.0314970394174356,249,303
836,dd2e7f04969b13f8992137f00a2075f16ca8604b,586,0.0314970394174356,249,334
837,dd2e7f04969b13f8992137f00a2075f16ca8604b,811,0.0314970394174356,249,461
838,de401cb484645ce4bb2ae19601d9175fe8c9e285,848,0.0314970394174356,250,480
839,de401cb484645ce4bb2ae19601d9175fe8c9e285,1115,0.0314970394174356,250,639
840,de909835b31d34b42772a9c4522ba9dc05bd0f86,185,0.0314970394174356,251,107
841,de909835b31d34b42772a9c4522ba9dc05bd0f86,245,0.0314970394174356,251,142
842,de909835b31d34b42772a9c4522ba9dc05bd0f86,344,0.0314970394174356,251,199
843,de909835b31d34b42772a9c4522ba9dc05bd0f86,431,0.0314970394174356,251,250
844,de909835b31d34b42772a9c4522ba9dc05bd0f86,583,0.0314970394174356,251,331
845,de909835b31d34b42772a9c4522ba9dc05bd0f86,703,0.0314970394174356,251,391
846,de909835b31d34b42772a9c4522ba9dc05bd0f86,953,0.0314970394174356,251,543
847,df0bd3fa134857fc6ea4e04b9edcd67081776961,914,0.0314970394174356,252,523
848,df0bd3fa134857fc6ea4e04b9edcd67081776961,937,0.0314970394174356,252,535
849,df0bd3fa134857fc6ea4e04b9edcd67081776961,943,0.0314970394174356,252,539
850,df0bd3fa134857fc6ea4e04b9edcd67081776961,1052,0.0314970394174356,252,608
851,df0bd3fa134857fc6ea4e04b9edcd67081776961,1160,0.0314970394174356,252,670
852,e12d00fc7ee66a121a59c0656518564aef59a821,139,0.0314970394174356,253,80
853,e12d00fc7ee66a121a59c0656518564aef59a821,396,0.0314970394174356,253,230
854,e12d00fc7ee66a121a59c0656518564aef59a821,690,0.0314970394174356,253,384
855,e12d00fc7ee66a121a59c0656518564aef59a821,785,0.0314970394174356,253,441
856,e12d00fc7ee66a121a59c0656518564aef59a821,1017,0.0314970394174356,253,585
857,e18b04a41eb0dce9af9847fe057a4ad59d2e0dcb,83,0.0314970394174356,254,50
858,e18b04a41eb0dce9af9847fe057a4ad59d2e0dcb,124,0.0314970394174356,254,70
859,e1ce40a536e613c6679eec2c4c7870f170789c59,38,0.0314970394174356,255,17
860,e1ce40a536e613c6679eec2c4c7870f170789c59,315,0.0314970394174356,255,183
861,e1ce40a536e613c6679eec2c4c7870f170789c59,843,0.0314970394174356,255,475
862,e1ce40a536e613c6679eec2c4c7870f170789c59,1041,0.0314970394174356,255,601
863,e1ce40a536e613c6679eec2c4c7870f170789c59,1154,0.0314970394174356,255,666
864,e2e6dbcd4d1ee0d7723739e633d6efd1c19b85f3,126,0.0314970394174356,256,71
865,e2e6dbcd4d1ee0d7723739e633d6efd1c19b85f3,527,0.0314970394174356,256,299
866,e2e6dbcd4d1ee0d7723739e633d6efd1c19b85f3,582,0.0314970394174356,256,330
867,e2e6dbcd4d1ee0d7723739e633d6efd1c19b85f3,892,0.0314970394174356,256,506
868,e2e6dbcd4d1ee0d7723739e633d6efd1c19b85f3,936,0.0314970394174356,256,534
869,e2e6dbcd4d1ee0d7723739e633d6efd1c19b85f3,990,0.0314970394174356,256,561
870,e331b59ecd086b87a3df4fedafa408097018fced,760,0.0314970394174356,257,424
871,e3fbd7d7c6d0e421b74892d9e12cad2341e09019,85,0.0314970394174356,258,52
872,e3fbd7d7c6d0e421b74892d9e12cad2341e09019,364,0.0314970394174356,258,210
873,e3fbd7d7c6d0e421b74892d9e12cad2341e09019,412,0.0314970394174356,258,241
874,e47dc71dea7c93570ada914b432e28887da44aef,86,0.0314970394174356,259,53
875,e47dc71dea7c93570ada914b432e28887da44aef,574,0.0314970394174356,259,325
876,e47dc71dea7c93570ada914b432e28887da44aef,913,0.0314970394174356,259,522
877,e487aec1f7007fd2dccc6ee478d9121ab86b00bd,132,0.0314970394174356,260,74
878,e487aec1f7007fd2dccc6ee478d9121ab86b00bd,730,0.0314970394174356,260,405
879,e4e05a57e485f070e01a87f74ebc6dfbd710b58a,359,0.0314970394174356,261,207
880,e4e05a57e485f070e01a87f74ebc6dfbd710b58a,834,0.0314970394174356,261,469
881,e52339a7740e53507239635c6245846d9021db93,32,0.0314970394174356,262,13
882,e52339a7740e53507239635c6245846d9021db93,561,0.0314970394174356,262,318
883,e52339a7740e53507239635c6245846d9021db93,687,0.0314970394174356,262,381
884,e52339a7740e53507239635c6245846d9021db93,766,0.0314970394174356,262,428
885,e52339a7740e53507239635c6245846d9021db93,1071,0.0314970394174356,262,619
886,e52339a7740e53507239635c6245846d9021db93,1165,0.0314970394174356,262,672
887,e52339a7740e53507239635c6245846d9021db93,1168,0.0314970394174356,262,674
888,e52c83299961c25e7f75e87c8734cad8d7fe1bbb,163,0.0314970394174356,263,95
889,e52c83299961c25e7f75e87c8734cad8d7fe1bbb,529,0.0314970394174356,263,300
890,e52c83299961c25e7f75e87c8734cad8d7fe1bbb,1135,0.0314970394174356,263,654
891,e579b98cdb97a4327729c3584e9bbaf510888900,763,0.0314970394174356,264,426
892,e579b98cdb97a4327729c3584e9bbaf510888900,1157,0.0314970394174356,264,668
893,e6937796cb73e9727432d4998296865397abcf68,97,0.0314970394174356,265,59
894,e6937796cb73e9727432d4998296865397abcf68,303,0.0314970394174356,265,178
895,e6937796cb73e9727432d4998296865397abcf68,315,0.0314970394174356,265,183
896,e6937796cb73e9727432d4998296865397abcf68,589,0.0314970394174356,265,335
897,e6937796cb73e9727432d4998296865397abcf68,992,0.0314970394174356,265,563
898,e6937796cb73e9727432d4998296865397abcf68,1180,0.0314970394174356,265,678
899,e6be84fbba57f35d98460ad782031b5b6f6a9273,691,0.0314970394174356,266,385
900,e7458176676fa13be5bb820ddcb6b6b15e1ff540,91,0.0314970394174356,267,56
901,e7458176676fa13be5bb820ddcb6b6b15e1ff540,142,0.0314970394174356,267,83
902,e7458176676fa13be5bb820ddcb6b6b15e1ff540,315,0.0314970394174356,267,183
903,e9948cbaea7c05414ea9af0846acb29cd29f6fb6,156,0.0314970394174356,268,89
904,e9948cbaea7c05414ea9af0846acb29cd29f6fb6,289,0.0314970394174356,268,170
905,e9948cbaea7c05414ea9af0846acb29cd29f6fb6,320,0.0314970394174356,268,185
906,e9948cbaea7c05414ea9af0846acb29cd29f6fb6,479,0.0314970394174356,268,273
907,e9948cbaea7c05414ea9af0846acb29cd29f6fb6,777,0.0314970394174356,268,436
908,e9948cbaea7c05414ea9af0846acb29cd29f6fb6,781,0.0314970394174356,268,439
909,e9948cbaea7c05414ea9af0846acb29cd29f6fb6,803,0.0314970394174356,268,456
910,eb88a220f57d5aee7048ec02c656b766c0c655b8,271,0.0314970394174356,269,158
911,eb88a220f57d5aee7048ec02c656b766c0c655b8,391,0.0314970394174356,269,226
912,eb88a220f57d5aee7048ec02c656b766c0c655b8,514,0.0314970394174356,269,292
913,eb88a220f57d5aee7048ec02c656b766c0c655b8,722,0.0314970394174356,269,400
914,eb88a220f57d5aee7048ec02c656b766c0c655b8,1128,0.0314970394174356,269,648
915,ecb4f8de11586acad42ef81f375da86efbf76913,184,0.0314970394174356,270,106
916,ecb4f8de11586acad42ef81f375da86efbf76913,390,0.0314970394174356,270,225
917,ecb4f8de11586acad42ef81f375da86efbf76913,691,0.0314970394174356,270,385
918,ecb4f8de11586acad42ef81f375da86efbf76913,1182,0.0314970394174356,270,679
919,edb435e2eb4282b4bc45e677680ad1fb915a14e0,19,0.0314970394174356,271,7
920,edcb284a5080f60431797b8f1a2bad71d4d5d835,195,0.0314970394174356,272,111
921,edcb284a5080f60431797b8f1a2bad71d4d5d835,562,0.0314970394174356,272,319
922,edcb284a5080f60431797b8f1a2bad71d4d5d835,728,0.0314970394174356,272,403
923,edcb284a5080f60431797b8f1a2bad71d4d5d835,892,0.0314970394174356,272,506
924,edcb284a5080f60431797b8f1a2bad71d4d5d835,1039,0.0314970394174356,272,599
925,edcb284a5080f60431797b8f1a2bad71d4d5d835,1092,0.0314970394174356,272,627
926,eed97f16f6806756006d65bafc37620454b2575e,507,0.0314970394174356,273,291
927,eed97f16f6806756006d65bafc37620454b2575e,882,0.0314970394174356,273,500
928,ef5cc6cf7a966c5b1a2f2b9a34b4651c36bbd850,342,0.0314970394174356,274,197
929,ef5cc6cf7a966c5b1a2f2b9a34b4651c36bbd850,812,0.0314970394174356,274,462
930,ef5cc6cf7a966c5b1a2f2b9a34b4651c36bbd850,878,0.0314970394174356,274,498
931,f1c9902593d769818cf0f3cfbc5d26c0a89d03b4,1140,0.0314970394174356,275,659
932,f1c9902593d769818cf0f3cfbc5d26c0a89d03b4,1168,0.0314970394174356,275,674
933,f1ce70ad63e400f7b93139c87db9fe01cb2a59f1,395,0.0314970394174356,276,229
934,f1ce70ad63e400f7b93139c87db9fe01cb2a59f1,836,0.0314970394174356,276,471
935,f1ce70ad63e400f7b93139c87db9fe01cb2a59f1,870,0.0314970394174356,276,493
936,f337ddef136e96c24e5fb84ded01e5ec1a7ff95b,141,0.0314970394174356,277,82
937,f337ddef136e96c24e5fb84ded01e5ec1a7ff95b,235,0.0314970394174356,277,133
938,f337ddef136e96c24e5fb84ded01e5ec1a7ff95b,776,0.0314970394174356,277,435
939,f337ddef136e96c24e5fb84ded01e5ec1a7ff95b,793,0.0314970394174356,277,449
940,f492bcf8ceaa051f2d3a818e67eac5b111111eb4,80,0.0314970394174356,278,47
941,f4fc0423951cb1bd7ee129106c798a392dc878c3,628,0.0314970394174356,279,354
942,f4fc0423951cb1bd7ee129106c798a392dc878c3,1135,0.0314970394174356,279,654
943,f4fc0423951cb1bd7ee129106c798a392dc878c3,1137,0.0314970394174356,279,656
944,f50ac7f51d09543131afc7fa1b2967989b3d9c1e,496,0.0314970394174356,280,283
945,f50ac7f51d09543131afc7fa1b2967989b3d9c1e,526,0.0314970394174356,280,298
946,f57646e64c202aa9e98b22a4042535cac5f7ba97,140,0.0314970394174356,281,81
947,f57646e64c202aa9e98b22a4042535cac5f7ba97,786,0.0314970394174356,281,442
948,f74ff17e332ee660c43fd862371bc4aad57726bd,94,0.0314970394174356,282,58
949,f74ff17e332ee660c43fd862371bc4aad57726bd,99,0.0314970394174356,282,61
950,f74ff17e332ee660c43fd862371bc4aad57726bd,1040,0.0314970394174356,282,600
951,f74ff17e332ee660c43fd862371bc4aad57726bd,1053,0.0314970394174356,282,609
952,f74ff17e332ee660c43fd862371bc4aad57726bd,1137,0.0314970394174356,282,656
953,f78b48dc3c1d51d73cb5dba4ebebe2f14c888307,497,0.0314970394174356,283,284
954,f78b48dc3c1d51d73cb5dba4ebebe2f14c888307,972,0.0314970394174356,283,552
955,f78b48dc3c1d51d73cb5dba4ebebe2f14c888307,1068,0.0314970394174356,283,618
956,f8b9827f6f911c3e121f048e86b68e69c1966d0e,220,0.0314970394174356,284,125
957,f8b9827f6f911c3e121f048e86b68e69c1966d0e,397,0.0314970394174356,284,231
958,f8b9827f6f911c3e121f048e86b68e69c1966d0e,790,0.0314970394174356,284,446
959,f8b9827f6f911c3e121f048e86b68e69c1966d0e,1065,0.0314970394174356,284,616
960,f9190f52390e428e01598c67a82288d9a624516c,863,0.0314970394174356,285,489
961,f9669647ca88ed8cb6ce09ec4c30b89a9ab8c95c,36,0.0314970394174356,286,15
962,f9669647ca88ed8cb6ce09ec4c30b89a9ab8c95c,247,0.0314970394174356,286,144
963,f9669647ca88ed8cb6ce09ec4c30b89a9ab8c95c,287,0.0314970394174356,286,168
964,f9669647ca88ed8cb6ce09ec4c30b89a9ab8c95c,765,0.0314970394174356,286,427
965,fa259ee9a0cc824f3b8281a59ce8ca85c5244319,44,0.0314970394174356,287,21
966,fa259ee9a0cc824f3b8281a59ce8ca85c5244319,172,0.0314970394174356,287,101
967,fa259ee9a0cc824f3b8281a59ce8ca85c5244319,781,0.0314970394174356,287,439
968,fa259ee9a0cc824f3b8281a59ce8ca85c5244319,886,0.0314970394174356,287,502
969,fa259ee9a0cc824f3b8281a59ce8ca85c5244319,1085,0.0314970394174356,287,625
970,fa259ee9a0cc824f3b8281a59ce8ca85c5244319,1125,0.0314970394174356,287,645
971,fb05a0830735a4f856a37d5fbb0ad83db769c9a5,203,0.0314970394174356,288,115
972,fb05a0830735a4f856a37d5fbb0ad83db769c9a5,349,0.0314970394174356,288,202
973,fb05a0830735a4f856a37d5fbb0ad83db769c9a5,480,0.0314970394174356,288,274
974,fb05a0830735a4f856a37d5fbb0ad83db769c9a5,790,0.0314970394174356,288,446
975,fb05a0830735a4f856a37d5fbb0ad83db769c9a5,1008,0.0314970394174356,288,578
976,fb17dfa692ecd11ea6757e5c60fbb9401e63a2b8,72,0.0314970394174356,289,41
977,fb17dfa692ecd11ea6757e5c60fbb9401e63a2b8,185,0.0314970394174356,289,107
978,fb17dfa692ecd11ea6757e5c60fbb9401e63a2b8,429,0.0314970394174356,289,248
979,fb17dfa692ecd11ea6757e5c60fbb9401e63a2b8,568,0.0314970394174356,289,322
980,fb17dfa692ecd11ea6757e5c60fbb9401e63a2b8,685,0.0314970394174356,289,379
981,fbc9501769bbda55e43b9a0f49e3fc0f99453d32,399,0.0314970394174356,290,232
982,fbc9501769bbda55e43b9a0f49e3fc0f99453d32,913,0.0314970394174356,290,522
983,fd9fe1f1889b9d24f284a015a8c1c0d9eeeaf32c,837,0.0314970394174356,291,472
984,fd9fe1f1889b9d24f284a015a8c1c0d9eeeaf32c,899,0.0314970394174356,291,511
985,fd9fe1f1889b9d24f284a015a8c1c0d9eeeaf32c,1117,0.0314970394174356,291,641
986,fe40eb93e195bf43a080d0847a4d404a517f5264,312,0.0314970394174356,292,182
987,fe40eb93e195bf43a080d0847a4d404a517f5264,568,0.0314970394174356,292,322
988,fe960c917287c31afed6d782a4455290481358a3,280,0.0314970394174356,293,162
989,fe960c917287c31afed6d782a4455290481358a3,499,0.0314970394174356,293,285
990,fe960c917287c31afed6d782a4455290481358a3,733,0.0314970394174356,293,407
991,fe960c917287c31afed6d782a4455290481358a3,825,0.0314970394174356,293,466
992,fe960c917287c31afed6d782a4455290481358a3,1136,0.0314970394174356,293,655
993,ffa6c7cfea61b43983d29f9162b07ec739aaf8f4,547,0.0314970394174356,294,309
994,ffa6c7cfea61b43983d29f9162b07ec739aaf8f4,554,0.0314970394174356,294,315
995,ffa6c7cfea61b43983d29f9162b07ec739aaf8f4,1041,0.0314970394174356,294,601
